Nom_Complet_Diplome;Acronyme_Diplome;Niveau_Europeen;Grande_Categorie;Description_Diplome;Nom_Etablissement;Ville;Code_Postal;Region;URL_Site_Etablissement;URL_Page_Formation;Dates_Portes_Ouvertes
Brevet Professionnel Agricole Ouvrier viticole;BPA;3;AGRICULTURE, VITICULTURE, SYLVICULTURE ET LEVAGE;Ouvrier viticole;Campus Terres de l'Aube;Saint-Pouange;10120;Champagne-Ardenne;https://campusterresdelaube.fr/;;Mars 2025 ( confirmer)
Brevet Professionnel Agricole Ouvrier d'levage de ruminants et cultures fourragres;BPA;3;AGRICULTURE, VITICULTURE, SYLVICULTURE ET LEVAGE;Ouvrier d'levage de ruminants et cultures fourragres;Campus Agro Environnemental;Saint-Laurent;08090;Champagne-Ardenne;https://campus-saintlaurent.fr/;https://campus-saintlaurent.fr/formations-par-filiere/agricole;
Brevet Professionnel Agricole Travaux de la vigne et du vin;BPA;3;AGRICULTURE, VITICULTURE, SYLVICULTURE ET LEVAGE;Travaux de la vigne et du vin - TVV;Avize Viti Campus;Avize;51190;Champagne-Ardenne;https://www.avizeviticampus.fr/;;
Brevet Professionnel Agricole Bcheron;BPA;3;AGRICULTURE, VITICULTURE, SYLVICULTURE ET LEVAGE;Bcheron;Campus Terres de l'Aube;Les Loges-Margueron;10210;Champagne-Ardenne;https://campusterresdelaube.fr/;;Mars 2025 ( confirmer)
Brevet Professionnel Agricole Bcheron;BPA;3;AGRICULTURE, VITICULTURE, SYLVICULTURE ET LEVAGE;Bcheron;Campus Agro Environnemental;Saint-Laurent;08090;Champagne-Ardenne;https://campus-saintlaurent.fr/;https://campus-saintlaurent.fr/formations-par-filiere/agricole;
Brevet Professionnel Agricole Conduite d'engins forestiers;BPA;3;AGRICULTURE, VITICULTURE, SYLVICULTURE ET LEVAGE;Conduite d'engins forestiers;Campus de Mirecourt;Mirecourt;88500;Lorraine;https://www.campusdemirecourt.fr/;https://www.campusdemirecourt.fr/toutes-les-formations/;
Certificat d'Aptitude Professionnelle Mtiers de l'agriculture;CAP;3;AGRICULTURE, VITICULTURE, SYLVICULTURE ET LEVAGE;Mtiers de l'agriculture - MAGRI;Avize Viti Campus;Avize;51190;Champagne-Ardenne;https://www.avizeviticampus.fr/;;
Certificat d'Aptitude Professionnelle Mtiers de l'agriculture;CAP;3;AGRICULTURE, VITICULTURE, SYLVICULTURE ET LEVAGE;Mtiers de l'agriculture - MAGRI;Campus Terres de l'Aube;Saint-Pouange;10120;Champagne-Ardenne;https://campusterresdelaube.fr/;;Mars 2025 ( confirmer)
Certificat d'Aptitude Professionnelle Mtiers de l'agriculture;CAP;3;AGRICULTURE, VITICULTURE, SYLVICULTURE ET LEVAGE;Mtiers de l'agriculture - MAGRI;EPLEFPA Edgard Pisani;Chamarandes-Choignes;52000;Champagne-Ardenne;https://edgard-pisani.educagri.fr/;https://edgard-pisani.educagri.fr/cfa/cfppa;
Certificat d'Aptitude Professionnelle Mtiers de l'agriculture;CAP;3;AGRICULTURE, VITICULTURE, SYLVICULTURE ET LEVAGE;Mtiers de l'agriculture - MAGRI;EPLEFPA de Rethel;Rethel;08300;Champagne-Ardenne;https://eplefpa-rethel.fr/;https://eplefpa-rethel.fr/cfa-cfppa/;
Certificat d'Aptitude Professionnelle Mtiers de l'agriculture;CAP;3;AGRICULTURE, VITICULTURE, SYLVICULTURE ET LEVAGE;Mtiers de l'agriculture - MAGRI;MFR de Gionges;Blancs-Coteaux;51130;Champagne-Ardenne;https://www.mfr-gionges.fr/;https://www.mfr-gionges.fr/nos-formations/;
Certificat d'Aptitude Professionnelle Mtiers de l'agriculture;CAP;3;AGRICULTURE, VITICULTURE, SYLVICULTURE ET LEVAGE;Mtiers de l'agriculture - MAGRI;EREA Robert Tritant;Chlons-en-Champagne;51000;Champagne-Ardenne;https://erea-robert-tritant.monbureaunumerique.fr/;https://erea-robert-tritant.monbureaunumerique.fr/vie-de-l-etablissement/;
Certificat d'Aptitude Professionnelle Mtiers de l'agriculture;CAP;3;AGRICULTURE, VITICULTURE, SYLVICULTURE ET LEVAGE;Mtiers de l'agriculture - MAGRI;Lyce Agricole de Somme-Suippe;Somme-Suippe;51600;Champagne-Ardenne;http://lyceesommesuippe.fr/;http://lyceesommesuippe.fr/nos-formations/;
Certificat d'Aptitude Professionnelle Mtiers de l'agriculture;CAP;3;AGRICULTURE, VITICULTURE, SYLVICULTURE ET LEVAGE;Mtiers de l'agriculture - MAGRI;cole de Roville;Roville-aux-Chnes;88700;Lorraine;https://www.roville.fr/;https://www.roville.fr/formation-scolaire/;
Certificat d'Aptitude Professionnelle Mtiers de l'agriculture;CAP;3;AGRICULTURE, VITICULTURE, SYLVICULTURE ET LEVAGE;Mtiers de l'agriculture - MAGRI;MFR de Ramonchamp;Ramonchamp;88160;Lorraine;https://mfr4vents.fr/;;
Certificat d'Aptitude Professionnelle Mtiers de l'agriculture;CAP;3;AGRICULTURE, VITICULTURE, SYLVICULTURE ET LEVAGE;Mtiers de l'agriculture - MAGRI;MFR de Stenay;Stenay;55700;Lorraine;https://mfr-stenay.fr/;;
Certificat d'Aptitude Professionnelle Mtiers de l'agriculture;CAP;3;AGRICULTURE, VITICULTURE, SYLVICULTURE ET LEVAGE;Mtiers de l'agriculture - MAGRI;MFR de Bulgnville;Bulgnville;88140;Lorraine;https://mfr-bulgneville.com/;;
Certificat d'Aptitude Professionnelle Mtiers de l'agriculture;CAP;3;AGRICULTURE, VITICULTURE, SYLVICULTURE ET LEVAGE;Mtiers de l'agriculture - MAGRI;Campus de Courcelles-Chaussy;Courcelles-Chaussy;57530;Lorraine;https://campus-courcelles.fr/;https://campus-courcelles.fr/campus-courcelles-chaussy/decouvrez-le-campus;
Certificat d'Aptitude Professionnelle Mtiers de l'agriculture;CAP;3;AGRICULTURE, VITICULTURE, SYLVICULTURE ET LEVAGE;Mtiers de l'agriculture - MAGRI;EPL Agro de la Meuse;Bar-le-Duc;55000;Lorraine;https://eplagro55.fr/;https://eplagro55.fr/lycee;
Certificat d'Aptitude Professionnelle Mtiers de l'agriculture;CAP;3;AGRICULTURE, VITICULTURE, SYLVICULTURE ET LEVAGE;Mtiers de l'agriculture - MAGRI;EPL54 Pixrcourt;Malzville;54220;Lorraine;https://www.pixerecourt.fr/;https://www.pixerecourt.fr/pixerecourt/lycee/;
Certificat d'Aptitude Professionnelle Mtiers de l'agriculture;CAP;3;AGRICULTURE, VITICULTURE, SYLVICULTURE ET LEVAGE;Mtiers de l'agriculture - MAGRI;EREA Henri Ebel;Illkirch-Graffenstaden;67400;Alsace;http://lyc-ebel-illkirch.site.ac-strasbourg.fr/;;
Certificat d'Aptitude Professionnelle Mtiers de l'agriculture;CAP;3;AGRICULTURE, VITICULTURE, SYLVICULTURE ET LEVAGE;Mtiers de l'agriculture - MAGRI;EPLEFPA du Bas-Rhin;Obernai;67210;Alsace;https://obernai.educagri.fr/;;
Certificat d'Aptitude Professionnelle Mtiers de l'agriculture;CAP;3;AGRICULTURE, VITICULTURE, SYLVICULTURE ET LEVAGE;Mtiers de l'agriculture - MAGRI;EPLEFPA Les Sillons de Haute-Alsace;Rouffach;68250;Alsace;https://rouffach-wintzenheim.educagri.fr/;https://rouffach-wintzenheim.educagri.fr/formations;
Certificat d'Aptitude Professionnelle Mtiers de l'agriculture;CAP;3;AGRICULTURE, VITICULTURE, SYLVICULTURE ET LEVAGE;Mtiers de l'agriculture - MAGRI;EPLEFPA Les Sillons de Haute-Alsace;Wintzenheim;68920;Alsace;https://rouffach-wintzenheim.educagri.fr/;https://rouffach-wintzenheim.educagri.fr/formations;
Certificat d'Aptitude Professionnelle Travaux forestiers;CAP;3;AGRICULTURE, VITICULTURE, SYLVICULTURE ET LEVAGE;Travaux forestiers - TF;Campus Terres de l'Aube;Les Loges-Margueron;10210;Champagne-Ardenne;https://campusterresdelaube.fr/;https://campusterresdelaube.fr/formations;Mars 2025 ( confirmer)
Certificat d'Aptitude Professionnelle Travaux forestiers;CAP;3;AGRICULTURE, VITICULTURE, SYLVICULTURE ET LEVAGE;Travaux forestiers - TF;Campus Agro Environnemental;Saint-Laurent;08090;Champagne-Ardenne;https://campus-saintlaurent.fr/;https://campus-saintlaurent.fr/formations-par-filiere/foret;
Certificat d'Aptitude Professionnelle Travaux forestiers;CAP;3;AGRICULTURE, VITICULTURE, SYLVICULTURE ET LEVAGE;Travaux forestiers - TF;EPL Agro de la Meuse;Bar-le-Duc;55000;Lorraine;https://eplagro55.fr/;https://eplagro55.fr/nos-formations/les-53-formations/capa-travaux-forestiers;
Certificat de Spcialisation Conduite de production en agriculture biologique, transformation et commercialisation;CS;3;AGRICULTURE, VITICULTURE, SYLVICULTURE ET LEVAGE;Conduite de production en agriculture biologique, transformation et commercialisation;Avize Viti Campus;Avize;51190;Champagne-Ardenne;https://www.avizeviticampus.fr/;https://www.avizeviticampus.fr/centres/nos-formations-menu;
Certificat de Spcialisation Commercialisation des vins;CS;4;AGRICULTURE, VITICULTURE, SYLVICULTURE ET LEVAGE;Commercialisation des vins;Avize Viti Campus;Avize;51190;Champagne-Ardenne;https://www.avizeviticampus.fr/;https://www.avizeviticampus.fr/centres/nos-formations-menu;
Certificat de Spcialisation Tracteurs et machines agricoles;CS;4;AGRICULTURE, VITICULTURE, SYLVICULTURE ET LEVAGE;Tracteurs et machines agricoles;Avize Viti Campus;Avize;51190;Champagne-Ardenne;https://www.avizeviticampus.fr/;https://www.avizeviticampus.fr/centres/nos-formations-menu;
Certificat de Spcialisation Tracteurs et machines agricoles;CS;4;AGRICULTURE, VITICULTURE, SYLVICULTURE ET LEVAGE;Tracteurs et machines agricoles;Campus Terres de l'Aube;Saint-Pouange;10210;Champagne-Ardenne;https://campusterresdelaube.fr/;https://campusterresdelaube.fr/presentation-du-campus-terres-de-laube/les-atouts-du-campus;Mars 2025 ( confirmer)
Certificat de Qualification Professionnelle Tractoriste agricole;CQP;4;AGRICULTURE, VITICULTURE, SYLVICULTURE ET LEVAGE;Tractoriste agricole;MFR-CFA de Vigneulles;Vigneulles-ls-Hattonchtel;55210;Lorraine;https://www.mfr-vigneulles.com/;https://www.mfr-vigneulles.com/nos-formations/;
Baccalaurat Gnral;BAC GNRAL;4;AGRICULTURE, VITICULTURE, SYLVICULTURE ET LEVAGE;Gnral;EPLEFPA de Rethel;Rethel;08300;Champagne-Ardenne;https://eplefpa-rethel.fr/;https://eplefpa-rethel.fr/cfa-cfppa/;
Baccalaurat Gnral;BAC GNRAL;4;AGRICULTURE, VITICULTURE, SYLVICULTURE ET LEVAGE;Gnral;Campus Terres de l'Aube;Saint-Pouange;10120;Champagne-Ardenne;https://campusterresdelaube.fr/;https://campusterresdelaube.fr/formations;Mars 2025 ( confirmer)
Baccalaurat Gnral;BAC GNRAL;4;AGRICULTURE, VITICULTURE, SYLVICULTURE ET LEVAGE;Gnral;EPLEFPA de Chlons-en-Champagne;Somme-Vesle;51460;Champagne-Ardenne;https://eplefpachalonsenchampagne.fr/;https://eplefpachalonsenchampagne.fr/le-lycee/nos-formations;
Baccalaurat Gnral;BAC GNRAL;4;AGRICULTURE, VITICULTURE, SYLVICULTURE ET LEVAGE;Gnral;Lyce LaSalle Reims-Thillois;Thillois;51370;Champagne-Ardenne;https://www.reimsthillois.fr/;https://www.reimsthillois.fr/etablissement/;21-22 mars 2025
Baccalaurat Gnral;BAC GNRAL;4;AGRICULTURE, VITICULTURE, SYLVICULTURE ET LEVAGE;Gnral;Campus Agro Environnemental;Saint-Laurent;08090;Champagne-Ardenne;https://campus-saintlaurent.fr/;https://campus-saintlaurent.fr/formations-par-filiere/enseignement-general-et-technologique;
Baccalaurat Gnral;BAC GNRAL;4;AGRICULTURE, VITICULTURE, SYLVICULTURE ET LEVAGE;Gnral;Lyce Sainte-Maure;Sainte-Maure;10150;Champagne-Ardenne;http://www.lyceesaintemaure.fr/;http://www.lyceesaintemaure.fr/l-formations;
Baccalaurat Gnral;BAC GNRAL;4;AGRICULTURE, VITICULTURE, SYLVICULTURE ET LEVAGE;Gnral;Avize Viti Campus;Avize;51190;Champagne-Ardenne;https://www.avizeviticampus.fr/;https://www.avizeviticampus.fr/centres/nos-formations-menu;
Baccalaurat Gnral;BAC GNRAL;4;AGRICULTURE, VITICULTURE, SYLVICULTURE ET LEVAGE;Gnral;EPLEFPA Edgard PISANI;Chamarandes-Choignes;52000;Champagne-Ardenne;https://edgard-pisani.educagri.fr/;https://edgard-pisani.educagri.fr/cfa/cfppa;
Baccalaurat Technologique Sciences et technologies de l'agronomie et du vivant;BAC TECHNO;4;AGRICULTURE, VITICULTURE, SYLVICULTURE ET LEVAGE;Sciences et technologies de l'agronomie et du vivant - STAV;Campus de Courcelles-Chaussy;Courcelles-Chaussy;57530;Lorraine;https://campus-courcelles.fr/;https://campus-courcelles.fr/formations;
Baccalaurat Technologique Sciences et technologies de l'agronomie et du vivant;BAC TECHNO;4;AGRICULTURE, VITICULTURE, SYLVICULTURE ET LEVAGE;Sciences et technologies de l'agronomie et du vivant - STAV;EPL Agro de la Meuse;Bar-le-Duc;55000;Lorraine;https://eplagro55.fr/;;
Baccalaurat Technologique Sciences et technologies de l'agronomie et du vivant;BAC TECHNO;4;AGRICULTURE, VITICULTURE, SYLVICULTURE ET LEVAGE;Sciences et technologies de l'agronomie et du vivant - STAV;EPL54 Pixrcourt;Malzville;54220;Lorraine;https://www.pixerecourt.fr/;;
Baccalaurat Technologique Sciences et technologies de l'agronomie et du vivant;BAC TECHNO;4;AGRICULTURE, VITICULTURE, SYLVICULTURE ET LEVAGE;Sciences et technologies de l'agronomie et du vivant - STAV;EPL Val de Seille;Chteau-Salins;57170;Lorraine;https://www.epl-val-de-seille.fr/;;
Baccalaurat Technologique Sciences et technologies de l'agronomie et du vivant;BAC TECHNO;4;AGRICULTURE, VITICULTURE, SYLVICULTURE ET LEVAGE;Sciences et technologies de l'agronomie et du vivant - STAV;Campus de Mirecourt;Mirecourt;88500;Lorraine;https://www.campusdemirecourt.fr/;;
Baccalaurat Technologique Sciences et technologies de l'agronomie et du vivant;BAC TECHNO;4;AGRICULTURE, VITICULTURE, SYLVICULTURE ET LEVAGE;Sciences et technologies de l'agronomie et du vivant - STAV;EPLEFPA du Bas-Rhin;Obernai;67210;Alsace;https://obernai.educagri.fr/;;
Baccalaurat Technologique Sciences et technologies de l'agronomie et du vivant;BAC TECHNO;4;AGRICULTURE, VITICULTURE, SYLVICULTURE ET LEVAGE;Sciences et technologies de l'agronomie et du vivant - STAV;EPLEFPA Les Sillons de Haute-Alsace;Rouffach;68250;Alsace;https://rouffach-wintzenheim.educagri.fr/;;
Baccalaurat Technologique Sciences et technologies de l'agronomie et du vivant;BAC TECHNO;4;AGRICULTURE, VITICULTURE, SYLVICULTURE ET LEVAGE;Sciences et technologies de l'agronomie et du vivant - STAV;EPLEFPA Les Sillons de Haute-Alsace;Wintzenheim;68920;Alsace;https://rouffach-wintzenheim.educagri.fr/;;
Baccalaurat Technologique Sciences et technologies de l'agronomie et du vivant;BAC TECHNO;4;AGRICULTURE, VITICULTURE, SYLVICULTURE ET LEVAGE;Sciences et technologies de l'agronomie et du vivant - STAV;Campus Agro Environnemental;Saint-Laurent;08090;Champagne-Ardenne;https://campus-saintlaurent.fr/;;
Baccalaurat Technologique Sciences et technologies de l'agronomie et du vivant;BAC TECHNO;4;AGRICULTURE, VITICULTURE, SYLVICULTURE ET LEVAGE;Sciences et technologies de l'agronomie et du vivant - STAV;EPLEFPA Edgard PISANI;Chamarandes-Choignes;52000;Champagne-Ardenne;https://edgard-pisani.educagri.fr/;;
Baccalaurat Technologique Sciences et technologies de l'agronomie et du vivant;BAC TECHNO;4;AGRICULTURE, VITICULTURE, SYLVICULTURE ET LEVAGE;Sciences et technologies de l'agronomie et du vivant - STAV;EPLEFPA de Rethel;Rethel;08300;Champagne-Ardenne;https://eplefpa-rethel.fr/;;
Baccalaurat Technologique Sciences et technologies de l'agronomie et du vivant;BAC TECHNO;4;AGRICULTURE, VITICULTURE, SYLVICULTURE ET LEVAGE;Sciences et technologies de l'agronomie et du vivant - STAV;Campus Terres de l'Aube;Saint-Pouange;10120;Champagne-Ardenne;https://campusterresdelaube.fr/;;Mars 2025 ( confirmer)
Baccalaurat Technologique Sciences et technologies de l'agronomie et du vivant;BAC TECHNO;4;AGRICULTURE, VITICULTURE, SYLVICULTURE ET LEVAGE;Sciences et technologies de l'agronomie et du vivant - STAV;EPLEFPA de Chlons-en-Champagne;Somme-Vesle;51460;Champagne-Ardenne;https://eplefpachalonsenchampagne.fr/;;
Baccalaurat Technologique Sciences et technologies de l'agronomie et du vivant;BAC TECHNO;4;AGRICULTURE, VITICULTURE, SYLVICULTURE ET LEVAGE;Sciences et technologies de l'agronomie et du vivant - STAV;Lyce Sainte-Maure;Sainte-Maure;10150;Champagne-Ardenne;http://www.lyceesaintemaure.fr/;;
Baccalaurat Technologique Sciences et technologies de l'agronomie et du vivant;BAC TECHNO;4;AGRICULTURE, VITICULTURE, SYLVICULTURE ET LEVAGE;Sciences et technologies de l'agronomie et du vivant - STAV;MFR de Gionges;Blancs-Coteaux;51130;Champagne-Ardenne;https://www.mfr-gionges.fr/;;
Baccalaurat Professionnel Conduite et gestion de l'entreprise agricole;BAC PRO;4;AGRICULTURE, VITICULTURE, SYLVICULTURE ET LEVAGE;Conduite et gestion de l'entreprise agricole - CGEA;MFR de Stenay;Stenay;55700;Lorraine;https://mfr-stenay.fr/;;
Baccalaurat Professionnel Conduite et gestion de l'entreprise agricole;BAC PRO;4;AGRICULTURE, VITICULTURE, SYLVICULTURE ET LEVAGE;Conduite et gestion de l'entreprise agricole - CGEA;EPL Val de Seille;Chteau-Salins;57170;Lorraine;https://www.epl-val-de-seille.fr/;;
Baccalaurat Professionnel Conduite et gestion de l'entreprise agricole;BAC PRO;4;AGRICULTURE, VITICULTURE, SYLVICULTURE ET LEVAGE;Conduite et gestion de l'entreprise agricole - CGEA;EPL Agro de la Meuse;Bar-le-Duc;55000;Lorraine;https://eplagro55.fr/;;
Baccalaurat Professionnel Conduite et gestion de l'entreprise agricole;BAC PRO;4;AGRICULTURE, VITICULTURE, SYLVICULTURE ET LEVAGE;Conduite et gestion de l'entreprise agricole - CGEA;EPL54 Pixrcourt;Malzville;54220;Lorraine;https://www.pixerecourt.fr/;;
Baccalaurat Professionnel Conduite et gestion de l'entreprise agricole;BAC PRO;4;AGRICULTURE, VITICULTURE, SYLVICULTURE ET LEVAGE;Conduite et gestion de l'entreprise agricole - CGEA;Campus de Courcelles-Chaussy;Courcelles-Chaussy;57530;Lorraine;https://campus-courcelles.fr/;;
Baccalaurat Professionnel Conduite et gestion de l'entreprise agricole;BAC PRO;4;AGRICULTURE, VITICULTURE, SYLVICULTURE ET LEVAGE;Conduite et gestion de l'entreprise agricole - CGEA;MFR-CFA de Vigneulles;Vigneulles-ls-Hattonchtel;55210;Lorraine;https://www.mfr-vigneulles.com/;;
Baccalaurat Professionnel Conduite et gestion de l'entreprise agricole;BAC PRO;4;AGRICULTURE, VITICULTURE, SYLVICULTURE ET LEVAGE;Conduite et gestion de l'entreprise agricole - CGEA;MFR de Bulgnville;Bulgnville;88140;Lorraine;https://mfr-bulgneville.com/;;
Baccalaurat Professionnel Conduite et gestion de l'entreprise agricole;BAC PRO;4;AGRICULTURE, VITICULTURE, SYLVICULTURE ET LEVAGE;Conduite et gestion de l'entreprise agricole - CGEA;MFR-CFR de Gugncourt;Gugncourt;88600;Lorraine;https://www.mfr-gugnecourt.fr/;;
Baccalaurat Professionnel Conduite et gestion de l'entreprise agricole;BAC PRO;4;AGRICULTURE, VITICULTURE, SYLVICULTURE ET LEVAGE;Conduite et gestion de l'entreprise agricole - CGEA;Campus de Mirecourt;Mirecourt;88500;Lorraine;https://www.campusdemirecourt.fr/;;
Baccalaurat Professionnel Conduite et gestion de l'entreprise agricole;BAC PRO;4;AGRICULTURE, VITICULTURE, SYLVICULTURE ET LEVAGE;Conduite et gestion de l'entreprise agricole - CGEA;EPLEFPA du Bas-Rhin;Obernai;67210;Alsace;https://obernai.educagri.fr/;;
Baccalaurat Professionnel Conduite et gestion de l'entreprise agricole;BAC PRO;4;AGRICULTURE, VITICULTURE, SYLVICULTURE ET LEVAGE;Conduite et gestion de l'entreprise agricole - CGEA;EPLEFPA Les Sillons de Haute-Alsace;Rouffach;68250;Alsace;https://rouffach-wintzenheim.educagri.fr/;;
Baccalaurat Professionnel Conduite et gestion de l'entreprise agricole;BAC PRO;4;AGRICULTURE, VITICULTURE, SYLVICULTURE ET LEVAGE;Conduite et gestion de l'entreprise agricole - CGEA;EPLEFPA Les Sillons de Haute-Alsace;Wintzenheim;68920;Alsace;https://rouffach-wintzenheim.educagri.fr/;;
Baccalaurat Professionnel Conduite et gestion de l'entreprise vitivinicole;BAC PRO;4;AGRICULTURE, VITICULTURE, SYLVICULTURE ET LEVAGE;Conduite et gestion de l'entreprise vitivinicole - CGEVV;Campus Terres de l'Aube;Bar-sur-Seine;10110;Champagne-Ardenne;https://campusterresdelaube.fr/;;Mars 2025 ( confirmer)
Baccalaurat Professionnel Conduite et gestion de l'entreprise vitivinicole;BAC PRO;4;AGRICULTURE, VITICULTURE, SYLVICULTURE ET LEVAGE;Conduite et gestion de l'entreprise vitivinicole - CGEVV;MFR de Gionges;Blancs-Coteaux;51130;Champagne-Ardenne;https://www.mfr-gionges.fr/;;
Baccalaurat Professionnel Conduite et gestion de l'entreprise vitivinicole;BAC PRO;4;AGRICULTURE, VITICULTURE, SYLVICULTURE ET LEVAGE;Conduite et gestion de l'entreprise vitivinicole - CGEVV;Avize Viti Campus;Avize;51190;Champagne-Ardenne;https://www.avizeviticampus.fr/;;
Baccalaurat Professionnel Conduite et gestion de l'entreprise vitivinicole;BAC PRO;4;AGRICULTURE, VITICULTURE, SYLVICULTURE ET LEVAGE;Conduite et gestion de l'entreprise vitivinicole - CGEVV;EPLEFPA Les Sillons de Haute-Alsace;Rouffach;68250;Alsace;https://rouffach-wintzenheim.educagri.fr/;;
Baccalaurat Professionnel Conduite et gestion de l'entreprise vitivinicole;BAC PRO;4;AGRICULTURE, VITICULTURE, SYLVICULTURE ET LEVAGE;Conduite et gestion de l'entreprise vitivinicole - CGEVV;EPLEFPA Les Sillons de Haute-Alsace;Wintzenheim;68920;Alsace;https://rouffach-wintzenheim.educagri.fr/;;
Baccalaurat Professionnel Fort;BAC PRO;4;AGRICULTURE, VITICULTURE, SYLVICULTURE ET LEVAGE;Fort;Campus Terres de l'Aube;Les Loges-Margueron;10210;Champagne-Ardenne;https://campusterresdelaube.fr/;;Mars 2025 ( confirmer)
Baccalaurat Professionnel Fort;BAC PRO;4;AGRICULTURE, VITICULTURE, SYLVICULTURE ET LEVAGE;Fort;EPL Agro de la Meuse;Bar-le-Duc;55000;Lorraine;https://eplagro55.fr/;;
Baccalaurat Professionnel Fort;BAC PRO;4;AGRICULTURE, VITICULTURE, SYLVICULTURE ET LEVAGE;Fort;Campus de Mirecourt;Mirecourt;88500;Lorraine;https://www.campusdemirecourt.fr/;;
Baccalaurat Professionnel Fort;BAC PRO;4;AGRICULTURE, VITICULTURE, SYLVICULTURE ET LEVAGE;Fort;Lyce Louise Weiss;Sainte-Marie-aux-Mines;68160;Alsace;http://lycee-louiseweiss.fr/;;
Baccalaurat Professionnel Fort;BAC PRO;4;AGRICULTURE, VITICULTURE, SYLVICULTURE ET LEVAGE;Fort;EPLEFPA Edgard PISANI;Chamarandes-Choignes;52000;Champagne-Ardenne;https://edgard-pisani.educagri.fr/;;
Baccalaurat Professionnel Fort;BAC PRO;4;AGRICULTURE, VITICULTURE, SYLVICULTURE ET LEVAGE;Fort;EPLEFPA de Rethel;Rethel;08300;Champagne-Ardenne;https://eplefpa-rethel.fr/;;
Baccalaurat Professionnel Fort;BAC PRO;4;AGRICULTURE, VITICULTURE, SYLVICULTURE ET LEVAGE;Fort;Campus Agro Environnemental;Saint-Laurent;08090;Champagne-Ardenne;https://campus-saintlaurent.fr/;;
Brevet Professionnel Responsable d'entreprise agricole;BP;4;AGRICULTURE, VITICULTURE, SYLVICULTURE ET LEVAGE;Responsable d'entreprise agricole - REA;Campus Terres de l'Aube;Saint-Pouange;10120;Champagne-Ardenne;https://campusterresdelaube.fr/;;Mars 2025 ( confirmer)
Brevet Professionnel Responsable d'entreprise agricole;BP;4;AGRICULTURE, VITICULTURE, SYLVICULTURE ET LEVAGE;Responsable d'entreprise agricole - REA;EPL Agro de la Meuse;Bar-le-Duc;55000;Lorraine;https://eplagro55.fr/;;
Brevet Professionnel Responsable d'entreprise agricole;BP;4;AGRICULTURE, VITICULTURE, SYLVICULTURE ET LEVAGE;Responsable d'entreprise agricole - REA;Campus de Courcelles-Chaussy;Courcelles-Chaussy;57530;Lorraine;https://campus-courcelles.fr/;;
Brevet Professionnel Responsable d'entreprise agricole;BP;4;AGRICULTURE, VITICULTURE, SYLVICULTURE ET LEVAGE;Responsable d'entreprise agricole - REA;ALPA;Harou;54740;Lorraine;https://alpa-haroue.fr/;;
Brevet Professionnel Agricole Travaux de la production animale;BPA;4;AGRICULTURE, VITICULTURE, SYLVICULTURE ET LEVAGE;Travaux de la production animale - TPA (Ouvrier d'levage de ruminants et de cultures fourragres);Campus Agro Environnemental;Saint-Laurent;08090;Champagne-Ardenne;https://campus-saintlaurent.fr/;;
Brevet Professionnel Agricole Travaux de la production animale;BPA;4;AGRICULTURE, VITICULTURE, SYLVICULTURE ET LEVAGE;Travaux de la production animale - TPA (Ouvrier d'levage de ruminants et de cultures fourragres);ALPA;Harou;54740;Lorraine;https://alpa-haroue.fr/;;
Certificat de Spcialisation Conduite d'un levage bovin viande;CS;4;AGRICULTURE, VITICULTURE, SYLVICULTURE ET LEVAGE;Conduite d'un levage bovin viande;EPL Agro de la Meuse;Bar-le-Duc;55000;Lorraine;https://eplagro55.fr/;;
Certificat de Spcialisation Production, transformation et commercialisation des produits fermiers;CS;4;AGRICULTURE, VITICULTURE, SYLVICULTURE ET LEVAGE;Production, transformation et commercialisation des produits fermiers;EPL Agro de la Meuse;Bar-le-Duc;55000;Lorraine;https://eplagro55.fr/;;
Certificat de Spcialisation Production, transformation et commercialisation des produits fermiers;CS;4;AGRICULTURE, VITICULTURE, SYLVICULTURE ET LEVAGE;Production, transformation et commercialisation des produits fermiers;ALPA;Harou;54740;Lorraine;https://alpa-haroue.fr/;;
Certificat de Spcialisation Production, transformation et commercialisation des produits fermiers;CS;4;AGRICULTURE, VITICULTURE, SYLVICULTURE ET LEVAGE;Production, transformation et commercialisation des produits fermiers;MFR de Ramonchamp;Ramonchamp;88160;Lorraine;https://mfr4vents.fr/;;
Certificat de Spcialisation Responsable d'unit de mthanisation agricole;CS;4;AGRICULTURE, VITICULTURE, SYLVICULTURE ET LEVAGE;Responsable d'unit de mthanisation agricole;EPL Agro de la Meuse;Bar-le-Duc;55000;Lorraine;https://eplagro55.fr/;;
Brevet de Technicien Suprieur Agricole Agronomie et cultures durables;BTSA;5;AGRICULTURE, VITICULTURE, SYLVICULTURE ET LEVAGE;Agronomie et cultures durables - ACD;Lyce Sainte-Maure;Sainte-Maure;10150;Champagne-Ardenne;http://www.lyceesaintemaure.fr/;;
Brevet de Technicien Suprieur Agricole Agronomie et cultures durables;BTSA;5;AGRICULTURE, VITICULTURE, SYLVICULTURE ET LEVAGE;Agronomie et cultures durables - ACD;EPLEFPA de Chlons-en-Champagne;Somme-Vesle;51460;Champagne-Ardenne;https://eplefpachalonsenchampagne.fr/;;
Brevet de Technicien Suprieur Agricole Agronomie et cultures durables;BTSA;5;AGRICULTURE, VITICULTURE, SYLVICULTURE ET LEVAGE;Agronomie et cultures durables - ACD;EPLEFPA de Rethel;Rethel;08300;Champagne-Ardenne;https://eplefpa-rethel.fr/;;
Brevet de Technicien Suprieur Agricole Agronomie et cultures durables;BTSA;5;AGRICULTURE, VITICULTURE, SYLVICULTURE ET LEVAGE;Agronomie et cultures durables - ACD;Campus de Courcelles-Chaussy;Courcelles-Chaussy;57530;Lorraine;https://campus-courcelles.fr/;;
Brevet de Technicien Suprieur Agricole Agronomie et cultures durables;BTSA;5;AGRICULTURE, VITICULTURE, SYLVICULTURE ET LEVAGE;Agronomie et cultures durables - ACD;EPLEFPA du Bas-Rhin;Obernai;67210;Alsace;https://obernai.educagri.fr/;;
Brevet de Technicien Suprieur Agricole Analyse, conduite et stratgie de l'entreprise agricole;BTSA;5;AGRICULTURE, VITICULTURE, SYLVICULTURE ET LEVAGE;Analyse, conduite et stratgie de l'entreprise agricole - ACSE/ACS'AGRI;EPLEFPA de Rethel;Rethel;08300;Champagne-Ardenne;https://eplefpa-rethel.fr/;;
Brevet de Technicien Suprieur Agricole Analyse, conduite et stratgie de l'entreprise agricole;BTSA;5;AGRICULTURE, VITICULTURE, SYLVICULTURE ET LEVAGE;Analyse, conduite et stratgie de l'entreprise agricole - ACSE/ACS'AGRI;Campus Terres de l'Aube;Les Loges-Margueron;10210;Champagne-Ardenne;https://campusterresdelaube.fr/;;Mars 2025 ( confirmer)
Brevet de Technicien Suprieur Agricole Analyse, conduite et stratgie de l'entreprise agricole;BTSA;5;AGRICULTURE, VITICULTURE, SYLVICULTURE ET LEVAGE;Analyse, conduite et stratgie de l'entreprise agricole - ACSE/ACS'AGRI;Lyce La Salle Reims-Thillois;Thillois;51370;Champagne-Ardenne;https://www.reimsthillois.fr/;;21-22 mars 2025
Brevet de Technicien Suprieur Agricole Analyse, conduite et stratgie de l'entreprise agricole;BTSA;5;AGRICULTURE, VITICULTURE, SYLVICULTURE ET LEVAGE;Analyse, conduite et stratgie de l'entreprise agricole - ACSE/ACS'AGRI;EPL Agro de la Meuse;Bar-le-Duc;55000;Lorraine;https://eplagro55.fr/;;
Brevet de Technicien Suprieur Agricole Analyse, conduite et stratgie de l'entreprise agricole;BTSA;5;AGRICULTURE, VITICULTURE, SYLVICULTURE ET LEVAGE;Analyse, conduite et stratgie de l'entreprise agricole - ACSE/ACS'AGRI;EPL Val de Seille;Chteau-Salins;57170;Lorraine;https://www.epl-val-de-seille.fr/;;
Brevet de Technicien Suprieur Agricole Analyse, conduite et stratgie de l'entreprise agricole;BTSA;5;AGRICULTURE, VITICULTURE, SYLVICULTURE ET LEVAGE;Analyse, conduite et stratgie de l'entreprise agricole - ACSE/ACS'AGRI;EPL54 de Pixrcourt;Malzville;54220;Lorraine;https://www.pixerecourt.fr/;;
Brevet de Technicien Suprieur Agricole Analyse, conduite et stratgie de l'entreprise agricole;BTSA;5;AGRICULTURE, VITICULTURE, SYLVICULTURE ET LEVAGE;Analyse, conduite et stratgie de l'entreprise agricole - ACSE/ACS'AGRI;ALPA;Harou;54740;Lorraine;https://alpa-haroue.fr/;;
Brevet de Technicien Suprieur Agricole Analyse, conduite et stratgie de l'entreprise agricole;BTSA;5;AGRICULTURE, VITICULTURE, SYLVICULTURE ET LEVAGE;Analyse, conduite et stratgie de l'entreprise agricole - ACSE/ACS'AGRI;Campus de Mirecourt;Mirecourt;88500;Lorraine;https://www.campusdemirecourt.fr/;;
Brevet de Technicien Suprieur Agricole Analyse, conduite et stratgie de l'entreprise agricole;BTSA;5;AGRICULTURE, VITICULTURE, SYLVICULTURE ET LEVAGE;Analyse, conduite et stratgie de l'entreprise agricole - ACSE/ACS'AGRI;MFR-CFR de Gugncourt;Gugncourt;88600;Lorraine;https://www.mfr-gugnecourt.fr/;;
Brevet de Technicien Suprieur Agricole Analyse, conduite et stratgie de l'entreprise agricole;BTSA;5;AGRICULTURE, VITICULTURE, SYLVICULTURE ET LEVAGE;Analyse, conduite et stratgie de l'entreprise agricole - ACSE/ACS'AGRI;EPLEFPA du Bas-Rhin;Obernai;67210;Alsace;https://obernai.educagri.fr/;;
Brevet de Technicien Suprieur Agricole Gnie des quipements agricoles;BTSA;5;AGRICULTURE, VITICULTURE, SYLVICULTURE ET LEVAGE;Gnie des quipements agricoles - GDEA;Lyce Somme-Suippe;Somme-Suippe;51600;Champagne-Ardenne;http://lyceesommesuippe.fr/;;
Brevet de Technicien Suprieur Agricole Gnie des quipements agricoles;BTSA;5;AGRICULTURE, VITICULTURE, SYLVICULTURE ET LEVAGE;Gnie des quipements agricoles - GDEA;Campus de Courcelles-Chaussy;Courcelles-Chaussy;57530;Lorraine;https://campus-courcelles.fr/;;
Brevet de Technicien Suprieur Agricole Gestion et matrise de l'eau;BTSA;5;AGRICULTURE, VITICULTURE, SYLVICULTURE ET LEVAGE;Gestion et matrise de l'eau - GEMEAU;Lyce Sainte-Maure;Sainte-Maure;10150;Champagne-Ardenne;http://www.lyceesaintemaure.fr/;;
Brevet de Technicien Suprieur Agricole Gestion et matrise de l'eau;BTSA;5;AGRICULTURE, VITICULTURE, SYLVICULTURE ET LEVAGE;Gestion et matrise de l'eau - GEMEAU;Campus Courcelles-Chaussy;Courcelles-Chaussy;57530;Lorraine;https://campus-courcelles.fr/;;
Brevet de Technicien Suprieur Agricole Gestion et matrise de l'eau;BTSA;5;AGRICULTURE, VITICULTURE, SYLVICULTURE ET LEVAGE;Gestion et matrise de l'eau - GEMEAU;EPLEFPA du Bas-Rhin;Obernai;67210;Alsace;https://obernai.educagri.fr/;;
Brevet de Technicien Suprieur Agricole Gestion forestire;BTSA;5;AGRICULTURE, VITICULTURE, SYLVICULTURE ET LEVAGE;Gestion forestire - GF;Campus Terres de l'Aube;Les Loges-Margueron;10210;Champagne-Ardenne;https://campusterresdelaube.fr/;;Mars 2025 ( confirmer)
Brevet de Technicien Suprieur Agricole Gestion forestire;BTSA;5;AGRICULTURE, VITICULTURE, SYLVICULTURE ET LEVAGE;Gestion forestire - GF;Campus Agro Environnemental;Saint-Laurent;08090;Champagne-Ardenne;https://campus-saintlaurent.fr/;;
Brevet de Technicien Suprieur Agricole Gestion forestire;BTSA;5;AGRICULTURE, VITICULTURE, SYLVICULTURE ET LEVAGE;Gestion forestire - GF;Campus de Mirecourt;Harou;54740;Lorraine;https://www.campusdemirecourt.fr/;;
Brevet de Technicien Suprieur Agricole Mtiers de l'levage;BTSA;5;AGRICULTURE, VITICULTURE, SYLVICULTURE ET LEVAGE;Mtiers de l'levage- Dveloppement, production, conseil;EPLEFPA de Rethel;Rethel;08300;Champagne-Ardenne;https://eplefpa-rethel.fr/;;
Brevet de Technicien Suprieur Agricole Mtiers de l'levage;BTSA;5;AGRICULTURE, VITICULTURE, SYLVICULTURE ET LEVAGE;Mtiers de l'levage- Dveloppement, production, conseil;EPL54 de Pixrcourt;Malzville;54220;Lorraine;https://www.pixerecourt.fr/;;
Brevet de Technicien Suprieur Agricole Mtiers du vgtal;BTSA;5;AGRICULTURE, VITICULTURE, SYLVICULTURE ET LEVAGE;Mtiers du vgtal - Alimentation, ornement et environnement - AOE;cole de Roville;Roville-aux-Chnes;88700;Lorraine;https://www.roville.fr/;;
Brevet de Technicien Suprieur Agricole Mtiers du vgtal;BTSA;5;AGRICULTURE, VITICULTURE, SYLVICULTURE ET LEVAGE;Mtiers du vgtal - Alimentation, ornement et environnement - AOE;EPLEFPA Les Sillons de Haute-Alsace;Rouffach;68250;Alsace;https://rouffach-wintzenheim.educagri.fr/;;
Brevet de Technicien Suprieur Agricole Mtiers du vgtal;BTSA;5;AGRICULTURE, VITICULTURE, SYLVICULTURE ET LEVAGE;Mtiers du vgtal - Alimentation, ornement et environnement - AOE;EPLEFPA Les Sillons de Haute-Alsace;Wintzenheim;68920;Alsace;https://rouffach-wintzenheim.educagri.fr/;;
Brevet de Technicien Suprieur Agricole Mtiers du vgtal;BTSA;5;AGRICULTURE, VITICULTURE, SYLVICULTURE ET LEVAGE;Mtiers du vgtal - Alimentation, ornement et environnement - AOE;EPLEFPA Edgard Pisani;Chamarandes-Choignes;52000;Champagne-Ardenne;https://edgard-pisani.educagri.fr/;;
Brevet de Technicien Suprieur Agricole Productions animales;BTSA;5;AGRICULTURE, VITICULTURE, SYLVICULTURE ET LEVAGE;Productions animales - PA;EPL54 de Pixrcourt;Malzville;54220;Lorraine;https://www.pixerecourt.fr/;;
Brevet de Technicien Suprieur Agricole Productions animales;BTSA;5;AGRICULTURE, VITICULTURE, SYLVICULTURE ET LEVAGE;Productions animales - PA;MFR de Ramonchamp;Ramonchamp;88160;Lorraine;https://mfr4vents.fr/;;
Brevet de Technicien Suprieur Agricole Viticulture-?nologie;BTSA;5;AGRICULTURE, VITICULTURE, SYLVICULTURE ET LEVAGE;Viticulture-?nologie - VO;Avize Viti Campus;Avize;51190;Champagne-Ardenne;https://www.avizeviticampus.fr/;;
Brevet de Technicien Suprieur Agricole Viticulture-?nologie;BTSA;5;AGRICULTURE, VITICULTURE, SYLVICULTURE ET LEVAGE;Viticulture-?nologie - VO;Campus Terres de l'Aube;Saint-Pouange;10120;Champagne-Ardenne;https://campusterresdelaube.fr/;;Mars 2025 ( confirmer)
Brevet de Technicien Suprieur Agricole Viticulture-?nologie;BTSA;5;AGRICULTURE, VITICULTURE, SYLVICULTURE ET LEVAGE;Viticulture-?nologie - VO;MFR de Gionges;Blancs-Coteaux;51130;Champagne-Ardenne;https://www.mfr-gionges.fr/;;
Brevet de Technicien Suprieur Agricole Viticulture-?nologie;BTSA;5;AGRICULTURE, VITICULTURE, SYLVICULTURE ET LEVAGE;Viticulture-?nologie - VO;EPLEFPA Les Sillons de Haute-Alsace;Rouffach;68250;Alsace;https://rouffach-wintzenheim.educagri.fr/;;
Brevet de Technicien Suprieur Agricole Viticulture-?nologie;BTSA;5;AGRICULTURE, VITICULTURE, SYLVICULTURE ET LEVAGE;Viticulture-?nologie - VO;EPLEFPA Les Sillons de Haute-Alsace;Wintzenheim;68920;Alsace;https://rouffach-wintzenheim.educagri.fr/;;
Spcialisation d'Initiative Locale Technicien conseil en agroforesterie;SIL;5;AGRICULTURE, VITICULTURE, SYLVICULTURE ET LEVAGE;Technicien conseil en agroforesterie;Campus Terres de l'Aube;Les Loges-Margueron;10210;Champagne-Ardenne;https://campusterresdelaube.fr/;;Mars 2025 ( confirmer)
Certificat de Profession Technicien forestier;CP;5;AGRICULTURE, VITICULTURE, SYLVICULTURE ET LEVAGE;Technicien forestier;Campus Terres de l'Aube;Les Loges-Margueron;10210;Champagne-Ardenne;https://campusterresdelaube.fr/;;Mars 2025 ( confirmer)
Diplme Universitaire Mise en ?uvre d?une unit de mthanisation;DU;6;AGRICULTURE, VITICULTURE, SYLVICULTURE ET LEVAGE;Mise en ?uvre d?une unit de mthanisation;ENSAIA, Univ. Lorraine;Vandoeuvre-ls-Nancy;54500;Lorraine;;;
Licence Professionnelle Mtiers de la vigne et du vin;LICENCE PROFESSIONNELLE;6;AGRICULTURE, VITICULTURE, SYLVICULTURE ET LEVAGE;Mtiers de la vigne et du vin;UFR SEN, Univ. de Reims Champagne-Ardenne;Reims;51100;Champagne-Ardenne;;;
Licence Professionnelle Productions vgtales;LICENCE PROFESSIONNELLE;6;AGRICULTURE, VITICULTURE, SYLVICULTURE ET LEVAGE;Productions vgtales;UFR SEN, Univ. de Reims Champagne-Ardenne;Reims;51100;Champagne-Ardenne;;;
Licence Professionnelle Productions vgtales;LICENCE PROFESSIONNELLE;6;AGRICULTURE, VITICULTURE, SYLVICULTURE ET LEVAGE;Productions vgtales;EPLEFPA de Rethel;Rethel;08300;Champagne-Ardenne;https://eplefpa-rethel.fr/;;
Licence Professionnelle Valorisation des agro-ressources;LICENCE PROFESSIONNELLE;6;AGRICULTURE, VITICULTURE, SYLVICULTURE ET LEVAGE;Valorisation des agro-ressources;FST, Univ. Haute-Alsace;Mulhouse;68200;Alsace;;;
Licence Professionnelle Industrie agroalimentaire : gestion, production et valorisation;LICENCE PROFESSIONNELLE;6;AGRICULTURE, VITICULTURE, SYLVICULTURE ET LEVAGE;Industrie agroalimentaire : gestion, production et valorisation;UFR SEN, Universit de Reims Champagne-Ardenne;Reims;51100;Champagne-Ardenne;;;
Licence Professionnelle Industrie agroalimentaire : gestion, production et valorisation;LICENCE PROFESSIONNELLE;6;AGRICULTURE, VITICULTURE, SYLVICULTURE ET LEVAGE;Industrie agroalimentaire : gestion, production et valorisation;EPLEFPA de Rethel;Rethel;08300;Champagne-Ardenne;https://eplefpa-rethel.fr/;;
Licence Professionnelle Mtiers du bois;LICENCE PROFESSIONNELLE;6;AGRICULTURE, VITICULTURE, SYLVICULTURE ET LEVAGE;Mtiers du bois - MB;UFR SEN, Univ. de Reims Champagne-Ardenne;Reims;51100;Champagne-Ardenne;;;
Licence Professionnelle Mtiers du bois;LICENCE PROFESSIONNELLE;6;AGRICULTURE, VITICULTURE, SYLVICULTURE ET LEVAGE;Mtiers du bois - MB;CFPPA de Saint-Laurent;Saint-Laurent;08090;Champagne-Ardenne;https://campus-saintlaurent.fr/;;
Licence Professionnelle Mtiers de la protection et de la gestion de l?environnement;LICENCE PROFESSIONNELLE;6;AGRICULTURE, VITICULTURE, SYLVICULTURE ET LEVAGE;Mtiers de la protection et de la gestion de l?environnement;UFR de gographie, Univ. Strasbourg, ENGEES;Strasbourg;67000;Alsace;;;
Licence Sciences de la vie;LICENCE;6;AGRICULTURE, VITICULTURE, SYLVICULTURE ET LEVAGE;Sciences de la vie - SV;UFR SEN, Univ. de Reims Champagne-Ardenne;Reims;51100;Champagne-Ardenne;;;
Licence Sciences de la vie;LICENCE;6;AGRICULTURE, VITICULTURE, SYLVICULTURE ET LEVAGE;Sciences de la vie - SV;FST, Univ. Lorraine;Vand?uvre-ls-Nancy;54500;Lorraine;;;
Licence Sciences de la vie;LICENCE;6;AGRICULTURE, VITICULTURE, SYLVICULTURE ET LEVAGE;Sciences de la vie - SV;UFR SciFA, Univ. Lorraine;Metz;57070;Lorraine;;;
Licence Sciences de la vie;LICENCE;6;AGRICULTURE, VITICULTURE, SYLVICULTURE ET LEVAGE;Sciences de la vie - SV;IUT Colmar, Univ. Haute-Alsace;Colmar;68000;Alsace;;;
Licence Sciences de la vie;LICENCE;6;AGRICULTURE, VITICULTURE, SYLVICULTURE ET LEVAGE;Sciences de la vie - SV;FSV, Univ. Strasbourg;Strasbourg;67000;Alsace;;;
Licence Sciences de la vie et de la terre;LICENCE;6;AGRICULTURE, VITICULTURE, SYLVICULTURE ET LEVAGE;Sciences de la vie et de la terre - SVT;UFR SEN, Univ. de Reims Champagne-Ardenne;Reims;51100;Champagne-Ardenne;;;
Licence Sciences de la terre;LICENCE;6;AGRICULTURE, VITICULTURE, SYLVICULTURE ET LEVAGE;Sciences de la terre;FST, Univ. Lorraine;Vand?uvre-ls-Nancy;54500;Lorraine;;;
Licence Sciences de la terre;LICENCE;6;AGRICULTURE, VITICULTURE, SYLVICULTURE ET LEVAGE;Sciences de la terre;EOST, Univ. Strasbourg;Strasbourg;67000;Alsace;;;
Master Agrosciences, environnement, territoires, paysage, fort;MASTER;7;AGRICULTURE, VITICULTURE, SYLVICULTURE ET LEVAGE;Agrosciences, environnement, territoires, paysage, fort - AETPF;FST, Univ. Lorraine & AgroParisTech;Vand?uvre-ls-Nancy;54500;Lorraine;;;
Master Agrosciences, environnement, territoires, paysage, fort;MASTER;7;AGRICULTURE, VITICULTURE, SYLVICULTURE ET LEVAGE;Agrosciences, environnement, territoires, paysage, fort - AETPF;ENSAIA, Univ. Lorraine;Vand?uvre-ls-Nancy;54500;Lorraine;;;
Master Biologie, agrosciences;MASTER;7;AGRICULTURE, VITICULTURE, SYLVICULTURE ET LEVAGE;Biologie, agrosciences - BAS;UFR SEN, Univ. de Reims Champagne-Ardenne;Reims;51100;Champagne-Ardenne;;;
Master European tourism, wine and agrifood management;MASTER;7;AGRICULTURE, VITICULTURE, SYLVICULTURE ET LEVAGE;European tourism, wine and agrifood management - ETWAM;EM Strasbourg Business School;Strasbourg;67000;Alsace;;;
Master Sciences et technologies de l?agriculture, de l?alimentation et de l?environnement;MASTER;7;AGRICULTURE, VITICULTURE, SYLVICULTURE ET LEVAGE;Sciences et technologies de l?agriculture, de l?alimentation et de l?environnement - ST2AE;FST, Univ. Haute-Alsace;Mulhouse;68200;Alsace;;;
Master Sciences de la vigne et du vin;MASTER;7;AGRICULTURE, VITICULTURE, SYLVICULTURE ET LEVAGE;Sciences de la vigne et du vin - SVV;UFR SEN, Univ. de Reims Champagne-Ardenne;Reims;51100;Champagne-Ardenne;;;
Master Risques et environnement;MASTER;7;AGRICULTURE, VITICULTURE, SYLVICULTURE ET LEVAGE;Risques et environnement - RE;Campus Terres de l?Aube;Les Loges-Margueron;10210;Champagne-Ardenne;https://campusterresdelaube.fr/;;Mars 2025 ( confirmer)
Master Gestion de l?environnement;MASTER;7;AGRICULTURE, VITICULTURE, SYLVICULTURE ET LEVAGE;Gestion de l?environnement - GESTE;UFR SciFA, Univ. Lorraine;Metz;57070;Lorraine;;;
Master Nutrition et sciences des aliments;MASTER;7;AGRICULTURE, VITICULTURE, SYLVICULTURE ET LEVAGE;Nutrition et sciences des aliments - NSA;FST, Univ. Lorraine;Vand?uvre-ls-Nancy;54500;Lorraine;;;
Master Nutrition et sciences des aliments;MASTER;7;AGRICULTURE, VITICULTURE, SYLVICULTURE ET LEVAGE;Nutrition et sciences des aliments - NSA;ENSAIA, Univ. Lorraine;Vand?uvre-ls-Nancy;54500;Lorraine;;;
Master of Science Wine & gastronomy;MSc;7;AGRICULTURE, VITICULTURE, SYLVICULTURE ET LEVAGE;Wine & gastronomy;Neoma Business School;Reims;51100;Champagne-Ardenne;;;
Ingnieur Agronome;INGNIEUR;7;AGRICULTURE, VITICULTURE, SYLVICULTURE ET LEVAGE;Agronome;ENSAIA, Univ. Lorraine;Vand?uvre-ls-Nancy;54500;Lorraine;;;
Ingnieur Gnie urbain et environnement;INGNIEUR;7;AGRICULTURE, VITICULTURE, SYLVICULTURE ET LEVAGE;Gnie urbain et environnement;UFR SEN, Univ. de Reims Champagne-Ardenne;Reims;51100;Champagne-Ardenne;;;
Ingnieur Gnie thermique, nergtique et environnement;INGNIEUR;7;AGRICULTURE, VITICULTURE, SYLVICULTURE ET LEVAGE;Gnie thermique, nergtique et environnement;INSA Strasbourg;Strasbourg;67000;Alsace;;;
Ingnieur Industries agroalimentaires;INGNIEUR;7;AGRICULTURE, VITICULTURE, SYLVICULTURE ET LEVAGE;Industries agroalimentaires;Campus Terres de l?Aube;Les Loges-Margueron;10210;Champagne-Ardenne;https://campusterresdelaube.fr/;;Mars 2025 ( confirmer)
Ingnieur Industries bois;INGNIEUR;7;AGRICULTURE, VITICULTURE, SYLVICULTURE ET LEVAGE;Industries bois;ENSTIB, Univ. Lorraine;pinal;88000;Lorraine;;;
Brevet de Technicien Suprieur BioAnalyses et contrles;BTS;5;CHIMIE ET BIOTECHNOLOGIES;BioAnalyses et contrles / BioAnalyses en laboratoire de contrle BLC;Lyce Hugues Libergier;Reims;51100;Champagne-Ardenne;http://lycee-libergier.fr/;;
Brevet de Technicien Suprieur BioAnalyses et contrles;BTS;5;CHIMIE ET BIOTECHNOLOGIES;BioAnalyses et contrles / BioAnalyses en laboratoire de contrle BLC;Lyce Georges de la Tour;Metz;57000;Lorraine;http://www.lycee-georges-de-la-tour-metz.fr/;;
Brevet de Technicien Suprieur BioAnalyses et contrles;BTS;5;CHIMIE ET BIOTECHNOLOGIES;BioAnalyses et contrles / BioAnalyses en laboratoire de contrle BLC;Lyce Jean Rostand;Strasbourg;67000;Alsace;http://www.lycee-jean-rostand.fr/;;
Brevet de Technicien Suprieur BioAnalyses et contrles;BTS;5;CHIMIE ET BIOTECHNOLOGIES;BioAnalyses et contrles / BioAnalyses en laboratoire de contrle BLC;cole Suprieure Horizon;Strasbourg;67000;Alsace;https://www.horizon-strasbourg.com/;;
Brevet de Technicien Suprieur Bioqualit;BTS;5;CHIMIE ET BIOTECHNOLOGIES;Bioqualit;Lyce Les Lombards;Troyes;10000;Champagne-Ardenne;http://www.lycee-lombards.fr/;;
Brevet de Technicien Suprieur Bioqualit;BTS;5;CHIMIE ET BIOTECHNOLOGIES;Bioqualit;cole suprieure ISEQ;Metz;57000;Lorraine;https://www.iseq.fr/;;
Brevet de Technicien Suprieur Bioqualit;BTS;5;CHIMIE ET BIOTECHNOLOGIES;Bioqualit;Lyce Jean Rostand;Strasbourg;67000;Alsace;http://www.lycee-jean-rostand.fr/;;
Brevet de Technicien Suprieur Bioqualit;BTS;5;CHIMIE ET BIOTECHNOLOGIES;Bioqualit;cole Suprieure Horizon;Strasbourg;67000;Alsace;https://www.horizon-strasbourg.com/;;
Brevet de Technicien Suprieur Biotechnologies;BTS;5;CHIMIE ET BIOTECHNOLOGIES;Biotechnologies / Biotechnologies en recherche et production;Lyce Les Lombards;Troyes;10000;Champagne-Ardenne;http://www.lycee-lombards.fr/;;
Brevet de Technicien Suprieur Biotechnologies;BTS;5;CHIMIE ET BIOTECHNOLOGIES;Biotechnologies / Biotechnologies en recherche et production;Lyce Arthur Varoquaux;Tomblaine;54510;Lorraine;http://www.lycee-varoquaux.fr/;;
Brevet de Technicien Suprieur Biotechnologies;BTS;5;CHIMIE ET BIOTECHNOLOGIES;Biotechnologies / Biotechnologies en recherche et production;Lyce Jean Rostand;Strasbourg;67000;Alsace;http://www.lycee-jean-rostand.fr/;;
Brevet de Technicien Suprieur Mtiers de la chimie;BTS;5;CHIMIE ET BIOTECHNOLOGIES;Mtiers de la chimie;Lyce Hugues Libergier;Reims;51100;Champagne-Ardenne;http://lycee-libergier.fr/;;
Brevet de Technicien Suprieur Mtiers de la chimie;BTS;5;CHIMIE ET BIOTECHNOLOGIES;Mtiers de la chimie;Lyce Louis Vincent;Metz;57000;Lorraine;http://www.lyceelouisvincent.fr/;;
Brevet de Technicien Suprieur Mtiers de la chimie;BTS;5;CHIMIE ET BIOTECHNOLOGIES;Mtiers de la chimie;Lyce Laurent de Lavoisier;Mulhouse;68059;Alsace;http://www.lycee-lavoisier-mulhouse.fr/;;
Bachelor Universitaire de Technologie Chimie;BUT;6;CHIMIE ET BIOTECHNOLOGIES;Chimie;IUT Moselle-Est, Univ. Lorraine;Saint-Avold;57500;Lorraine;;;
Bachelor Universitaire de Technologie Chimie;BUT;6;CHIMIE ET BIOTECHNOLOGIES;Chimie;IUT R. Schuman, Univ. Strasbourg;Illkirch-Graffenstaden;67400;Alsace;;;
Bachelor Universitaire de Technologie Gnie chimique - Gnie des procds;BUT;6;CHIMIE ET BIOTECHNOLOGIES;Gnie chimique - Gnie des procds - GCGP;IUT Nancy-Brabois, Univ. Lorraine;Villers-ls-Nancy;54600;Lorraine;;;
Licence Professionnelle Bio-industries et biotechnologies;LICENCE PROFESSIONNELLE;6;CHIMIE ET BIOTECHNOLOGIES;Bio-industries et biotechnologies - BBT;UFR SEN, Univ. Reims Champagne Ardenne;Reims;51100;Champagne-Ardenne;;;
Licence Professionnelle Bio-industries et biotechnologies;LICENCE PROFESSIONNELLE;6;CHIMIE ET BIOTECHNOLOGIES;Bio-industries et biotechnologies - BBT;IUT Colmar, Univ. Haute-Alsace;Colmar;68000;Alsace;;;
Licence Professionnelle Industries pharmaceutiques, cosmtologiques et de sant;LICENCE PROFESSIONNELLE;7;CHIMIE ET BIOTECHNOLOGIES;Industries pharmaceutiques, cosmtologiques et de sant : gestion, production et valorisation;UFR de pharmacie, Univ. Strasbourg;Illkirch-Graffenstaden;67400;Alsace;;;
Master Biotechnologies;MASTER;7;CHIMIE ET BIOTECHNOLOGIES;Biotechnologies;ESBS, Univ. Strasbourg;Illkirch-Graffenstaden;67400;Alsace;;;
Brevet de Technicien Suprieur Biochimie / Biologie ? Sant;BTS;7;CHIMIE ET BIOTECHNOLOGIES;Biochimie / Biologie ? Sant - BS;UFR SEN, Univ. Reims Champagne Ardenne;Reims;51100;Champagne-Ardenne;;;
Brevet de Technicien Suprieur Biochimie / Biologie ? Sant;BTS;7;CHIMIE ET BIOTECHNOLOGIES;Biochimie / Biologie ? Sant - BS;UFR de mdecine, Univ. Strasbourg;Strasbourg;67000;Alsace;;;
Diplme Universitaire CMI : Biotechnologies en microbiologie et ingnierie molculaire;DU;7;CHIMIE ET BIOTECHNOLOGIES;CMI : Biotechnologies en microbiologie et ingnierie molculaire - BIOMIM;FST, Univ. Lorraine;Vand?uvre-ls-Nancy;54500;Lorraine;;;
Ingnieur Biotechnologies;INGNIEUR;7;CHIMIE ET BIOTECHNOLOGIES;Biotechnologies;ESBS, Univ. Strasbourg;Illkirch-Graffenstaden;67400;Alsace;;;
Ingnieur Chembiotech;INGNIEUR;7;CHIMIE ET BIOTECHNOLOGIES;Chembiotech;ECPM & ESBS, Univ. Strasbourg;Strasbourg;67000;Alsace;;;
Ingnieur Chimie;INGNIEUR;7;CHIMIE ET BIOTECHNOLOGIES;Chimie;ENSCM, Univ. Haute-Alsace;Mulhouse;68100;Alsace;;;
Ingnieur Chimie;INGNIEUR;7;CHIMIE ET BIOTECHNOLOGIES;Chimie;ECPM, Univ. Strasbourg;Strasbourg;67000;Alsace;;;
Ingnieur Chemplast;INGNIEUR;7;CHIMIE ET BIOTECHNOLOGIES;Chemplast;ECPM, Univ. Strasbourg;Strasbourg;67000;Alsace;;;
Mastre Spcialis Bioprocds ? gnie des procds biotechnologiques;MS;7;CHIMIE ET BIOTECHNOLOGIES;Bioprocds ? gnie des procds biotechnologiques;ENSIC, Univ. Lorraine;Nancy;54000;Lorraine;;;
Mastre Spcialis Bioprocds ? gnie des procds biotechnologiques;MS;7;CHIMIE ET BIOTECHNOLOGIES;Bioprocds ? gnie des procds biotechnologiques;CPE Lyon;Villeurbanne;69100;Inconnu;;;
Brevet de Technicien Suprieur Commerce international;BTS;5;COMMERCE ET MANAGEMENT;Commerce international - CI;Lyce Hugues Libergier;Reims;51100;Champagne-Ardenne;http://lycee-libergier.fr/;;
Brevet de Technicien Suprieur Commerce international;BTS;5;COMMERCE ET MANAGEMENT;Commerce international - CI;Centre AFPAM Formation;Bezannes;51430;Champagne-Ardenne;https://www.afpam.fr/;;
Brevet de Technicien Suprieur Commerce international;BTS;5;COMMERCE ET MANAGEMENT;Commerce international - CI;Lyce Frdric Ozanam;Chlons-en-Champagne;51000;Champagne-Ardenne;https://www.ozanam-chalons.fr/;;
Brevet de Technicien Suprieur Commerce international;BTS;5;COMMERCE ET MANAGEMENT;Commerce international - CI;Lyce Pierre Bayle;Sedan;08200;Champagne-Ardenne;http://www.lycee-pierre-bayle.fr/;;
Brevet de Technicien Suprieur Commerce international;BTS;5;COMMERCE ET MANAGEMENT;Commerce international - CI;Lyce Edouard Herriot;Sainte-Savine;10300;Champagne-Ardenne;http://www.lycee-edouard-herriot.fr/;;
Brevet de Technicien Suprieur Commerce international;BTS;5;COMMERCE ET MANAGEMENT;Commerce international - CI;Lyce Robert Schuman;Metz;57070;Lorraine;https://lycee-schuman-metz.fr/;;
Brevet de Technicien Suprieur Commerce international;BTS;5;COMMERCE ET MANAGEMENT;Commerce international - CI;Lyce Jean de Pange;Sarreguemines;57200;Lorraine;http://www.lycee-jeandepange.fr/;;
Brevet de Technicien Suprieur Commerce international;BTS;5;COMMERCE ET MANAGEMENT;Commerce international - CI;Institut Notre-Dame de la Providence;Thionville;57100;Lorraine;https://www.ndp-thionville.fr/;;
Brevet de Technicien Suprieur Commerce international;BTS;5;COMMERCE ET MANAGEMENT;Commerce international - CI;Lyce Frdric Chopin;Nancy;54000;Lorraine;https://lycee-chopin.fr/;;
Brevet de Technicien Suprieur Commerce international;BTS;5;COMMERCE ET MANAGEMENT;Commerce international - CI;Campus De La Salle;Metz;57070;Lorraine;https://www.delasallemetz.com/;;
Brevet de Technicien Suprieur Commerce international;BTS;5;COMMERCE ET MANAGEMENT;Commerce international - CI;Lyce Alfred Mzires;Longwy;54400;Lorraine;http://lycee-alfred-mezieres.fr/;;
Brevet de Technicien Suprieur Commerce international;BTS;5;COMMERCE ET MANAGEMENT;Commerce international - CI;Institution Sainte Clothilde;Strasbourg;67000;Alsace;https://www.clotilde.org/;;
Brevet de Technicien Suprieur Commerce international;BTS;5;COMMERCE ET MANAGEMENT;Commerce international - CI;Lyce Ren Cassin;Strasbourg;67000;Alsace;http://www.lyceecassin-strasbourg.eu/;;
Brevet de Technicien Suprieur Commerce international;BTS;5;COMMERCE ET MANAGEMENT;Commerce international - CI;Lyce ORT;Strasbourg;67000;Alsace;https://ort-strasbourg.fr/;;
Brevet de Technicien Suprieur Commerce international;BTS;5;COMMERCE ET MANAGEMENT;Commerce international - CI;cole Grandjean;Strasbourg;67000;Alsace;https://www.ecole-grandjean.com/;;
Brevet de Technicien Suprieur Commerce international;BTS;5;COMMERCE ET MANAGEMENT;Commerce international - CI;cole PIGIER;Strasbourg;67000;Alsace;https://www.pigier.com/ecole-commerce-strasbourg;;
Brevet de Technicien Suprieur Commerce international;BTS;5;COMMERCE ET MANAGEMENT;Commerce international - CI;Lyce Laurent de Lavoisier;Mulhouse;67100;Alsace;http://www.lycee-lavoisier-mulhouse.fr/;;
Brevet de Technicien Suprieur Conseil et commercialisation de solutions techniques;BTS;5;COMMERCE ET MANAGEMENT;Conseil et commercialisation de solutions techniques - CCST;Lyce Raymond Kopa;Reims;51100;Champagne-Ardenne;https://lyc-kopa-reims.monbureaunumerique.fr/;;
Brevet de Technicien Suprieur Conseil et commercialisation de solutions techniques;BTS;5;COMMERCE ET MANAGEMENT;Conseil et commercialisation de solutions techniques - CCST;Lyce Franois Bazin;Charleville-Mzires;08000;Champagne-Ardenne;http://www.lyceebazin.fr/;;
Brevet de Technicien Suprieur Conseil et commercialisation de solutions techniques;BTS;5;COMMERCE ET MANAGEMENT;Conseil et commercialisation de solutions techniques - CCST;Lyce Frdric et Irne Joliot-Curie;Romilly-sur-Seine;10100;Champagne-Ardenne;http://lyc-joliot-curie-romilly.monbureaunumerique.fr/;;
Brevet de Technicien Suprieur Conseil et commercialisation de solutions techniques;BTS;5;COMMERCE ET MANAGEMENT;Conseil et commercialisation de solutions techniques - CCST;Avize Viti Campus;Avize;51190;Champagne-Ardenne;https://www.avizeviticampus.fr/;;
Brevet de Technicien Suprieur Conseil et commercialisation de solutions techniques;BTS;5;COMMERCE ET MANAGEMENT;Conseil et commercialisation de solutions techniques - CCST;Ensemble Scolaire Notre-Dame St-Joseph;pinal;88000;Lorraine;https://www.ndsj88.fr/;;
Brevet de Technicien Suprieur Conseil et commercialisation de solutions techniques;BTS;5;COMMERCE ET MANAGEMENT;Conseil et commercialisation de solutions techniques - CCST;Lyce Henri Loritz;Nancy;54000;Lorraine;http://www.lycee-loritz.fr/;;
Brevet de Technicien Suprieur Conseil et commercialisation de solutions techniques;BTS;5;COMMERCE ET MANAGEMENT;Conseil et commercialisation de solutions techniques - CCST;Lyce La Briquerie;Thionville;57100;Lorraine;http://www.labriquerie.fr/;;
Brevet de Technicien Suprieur Conseil et commercialisation de solutions techniques;BTS;5;COMMERCE ET MANAGEMENT;Conseil et commercialisation de solutions techniques - CCST;Lyce Andr Malraux;Remiremont;88200;Lorraine;http://www.lycee-malraux-remiremont.fr/;;
Brevet de Technicien Suprieur Conseil et commercialisation de solutions techniques;BTS;5;COMMERCE ET MANAGEMENT;Conseil et commercialisation de solutions techniques - CCST;Lyce Henri Nomin;Sarreguemines;57200;Lorraine;http://www.lyceenomine.fr/;;
Brevet de Technicien Suprieur Conseil et commercialisation de solutions techniques;BTS;5;COMMERCE ET MANAGEMENT;Conseil et commercialisation de solutions techniques - CCST;IS4A;Laxou;54520;Lorraine;https://www.is4a.fr/;;
Brevet de Technicien Suprieur Conseil et commercialisation de solutions techniques;BTS;5;COMMERCE ET MANAGEMENT;Conseil et commercialisation de solutions techniques - CCST;cole de Roville;Roville-aux-Chnes;88700;Lorraine;https://www.roville.fr/;;
Brevet de Technicien Suprieur Conseil et commercialisation de solutions techniques;BTS;5;COMMERCE ET MANAGEMENT;Conseil et commercialisation de solutions techniques - CCST;Institution Sainte Philomne;Haguenau;67500;Alsace;https://www.sainte-philomene.com/;;
Brevet de Technicien Suprieur Conseil et commercialisation de solutions techniques;BTS;5;COMMERCE ET MANAGEMENT;Conseil et commercialisation de solutions techniques - CCST;Lyce Jean Mermoz;Saint-Louis;68300;Alsace;https://lycee-mermoz.net/;;
Brevet de Technicien Suprieur Conseil et commercialisation de solutions techniques;BTS;5;COMMERCE ET MANAGEMENT;Conseil et commercialisation de solutions techniques - CCST;Lyce Jean Baptiste Schwilgu;Slestat;67600;Alsace;http://www.lycee-schwilgue.fr/;;
Brevet de Technicien Suprieur Conseil et commercialisation de solutions techniques;BTS;5;COMMERCE ET MANAGEMENT;Conseil et commercialisation de solutions techniques - CCST;Lyce Henri Meck;Molsheim;67120;Alsace;http://www.lycee-meck.fr/;;
Brevet de Technicien Suprieur Conseil et commercialisation de solutions techniques;BTS;5;COMMERCE ET MANAGEMENT;Conseil et commercialisation de solutions techniques - CCST;EPLEFPA Les Sillons de Haute-Alsace;Rouffach;68250;Alsace;https://rouffach-wintzenheim.educagri.fr/;;
Brevet de Technicien Suprieur Conseil et commercialisation de solutions techniques;BTS;5;COMMERCE ET MANAGEMENT;Conseil et commercialisation de solutions techniques - CCST;EPLEFPA Les Sillons de Haute-Alsace;Wintzenheim;68920;Alsace;https://rouffach-wintzenheim.educagri.fr/;;
Bachelor Affaires internationales;BACHELOR;6;COMMERCE ET MANAGEMENT;Affaires internationales;EM Strasbourg Business School;Strasbourg;67000;Alsace;https://www.em-strasbourg.com/;;
Bachelor Management, business et ngociation;BACHELOR;6;COMMERCE ET MANAGEMENT;Management, business et ngociation;cole ISTELI Reims;Reims;51100;Champagne-Ardenne;https://www.aft-ral.org/isteli/reims;;
Bachelor Management, business et ngociation;BACHELOR;6;COMMERCE ET MANAGEMENT;Management, business et ngociation;cole ISTELI Nancy;Jarville-la-Malgrange;54140;Lorraine;https://www.aft-ral.org/isteli/nancy;;
Bachelor Management, business et ngociation;BACHELOR;6;COMMERCE ET MANAGEMENT;Management, business et ngociation;cole ISTELI Metz;Metz;57070;Lorraine;https://www.aft-ral.org/isteli/metz;;
Bachelor Management, business et ngociation;BACHELOR;6;COMMERCE ET MANAGEMENT;Management, business et ngociation;cole ISTELI Mulhouse;Sausheim;68390;Alsace;https://www.aft-ral.org/isteli/mulhouse;;
Bachelor Management, business et ngociation;BACHELOR;6;COMMERCE ET MANAGEMENT;Management, business et ngociation;cole ISTELI Strasbourg;Schiltigheim;67300;Alsace;https://www.aft-ral.org/isteli/strasbourg;;
Licence Professionnelle Management des activits commerciales;LICENCE PROFESSIONNELLE;6;COMMERCE ET MANAGEMENT;Management des activits commerciales;UFR SESG, Univ. Reims Champagne Ardenne;Troyes;10000;Champagne-Ardenne;;;
Licence Professionnelle Management des activits commerciales;LICENCE PROFESSIONNELLE;6;COMMERCE ET MANAGEMENT;Management des activits commerciales;IUT pinal-Hubert Curien, Univ. Lorraine;pinal;88000;Lorraine;;;
Licence Professionnelle Mtiers du commerce international;LICENCE PROFESSIONNELLE;6;COMMERCE ET MANAGEMENT;Mtiers du commerce international - MBI;UFR SEN, Univ. Reims Champagne Ardenne;Reims;51100;Champagne-Ardenne;;;
Licence Professionnelle Mtiers du commerce international;LICENCE PROFESSIONNELLE;6;COMMERCE ET MANAGEMENT;Mtiers du commerce international - MBI;Avize Viti Campus;Avize;51190;Champagne-Ardenne;https://www.avizeviticampus.fr/;;
Master Entrepreneuriat et management de projets;MASTER;7;COMMERCE ET MANAGEMENT;Entrepreneuriat et management de projets - EMP;IAE Metz School of Management;Metz;57070;Lorraine;https://iae-metz.univ-lorraine.fr/;;
Master Entrepreneuriat et stratgie;MASTER;7;COMMERCE ET MANAGEMENT;Entrepreneuriat et stratgie - EMP;EM Strasbourg Business School;Strasbourg;67000;Alsace;https://www.em-strasbourg.com/;;
Master European digital and sustainable business;MASTER;7;COMMERCE ET MANAGEMENT;European digital and sustainable business - EDSB;EM Strasbourg Business School;Strasbourg;67000;Alsace;https://www.em-strasbourg.com/;;
Master Ingnierie d?affaires;MASTER;7;COMMERCE ET MANAGEMENT;Ingnierie d?affaires;EM Strasbourg Business School;Strasbourg;67000;Alsace;https://www.em-strasbourg.com/;;
Master Management et commerce international;MASTER;7;COMMERCE ET MANAGEMENT;Management et commerce international - MCI;FSEG, Univ. Strasbourg;Strasbourg;67000;Alsace;;;
Master Marketing, vente;MASTER;7;COMMERCE ET MANAGEMENT;Marketing, vente - MV;UFR SESG, Univ. Reims Champagne Ardenne;Troyes;10000;Champagne-Ardenne;;;
Master Gestion de l?environnement;MASTER;7;ENVIRONNEMENT ET DVELOPPEMENT DURABLE;Gestion de l?environnement - GESTE;UFR SciFA, Univ. Lorraine;Metz;57070;Lorraine;;;
Master Risques et environnement;MASTER;7;ENVIRONNEMENT ET DVELOPPEMENT DURABLE;Risques et environnement - RE;UFR SEN, Univ. Reims Champagne Ardenne;Reims;51100;Champagne-Ardenne;;;
Master Risques et environnement;MASTER;7;ENVIRONNEMENT ET DVELOPPEMENT DURABLE;Risques et environnement - RE;Universit de technologie de Troyes;Rosires-prs-Troyes;10430;Champagne-Ardenne;https://www.utt.fr/;;
Master Risques et environnement;MASTER;7;ENVIRONNEMENT ET DVELOPPEMENT DURABLE;Risques et environnement - RE;FST, Univ. Haute-Alsace;Mulhouse;68200;Alsace;;;
Master Sciences de la durabilit;MASTER;7;ENVIRONNEMENT ET DVELOPPEMENT DURABLE;Sciences de la durabilit;UFR SESG, Univ. Reims Champagne Ardenne;Reims;51100;Champagne-Ardenne;;;
Baccalaurat Professionnel Plastiques et composites;BAC PROFESSIONNEL;4;INDUSTRIE, PRODUCTION, PROCDS ET USINAGE;Plastiques et composites;Lyce Stphane Hessel;pernay;51200;Champagne-Ardenne;http://lycee-hessel-epernay.fr/;;
Baccalaurat Professionnel Plastiques et composites;BAC PROFESSIONNEL;4;INDUSTRIE, PRODUCTION, PROCDS ET USINAGE;Plastiques et composites;Lyce Franois Bazin;Charleville-Mzires;08000;Champagne-Ardenne;http://www.lyceebazin.fr/;;
Baccalaurat Professionnel Plastiques et composites;BAC PROFESSIONNEL;4;INDUSTRIE, PRODUCTION, PROCDS ET USINAGE;Plastiques et composites;Lyce Flix Mayer;Creutzwald;57150;Lorraine;http://www.lyceefelixmayer.fr/;;
Baccalaurat Professionnel Plastiques et composites;BAC PROFESSIONNEL;4;INDUSTRIE, PRODUCTION, PROCDS ET USINAGE;Plastiques et composites;Lyce Lazare de Schwendi;Ingersheim;68040;Alsace;http://www.lycee-schwendi.fr/;;
Baccalaurat Professionnel Plastiques et composites;BAC PROFESSIONNEL;4;INDUSTRIE, PRODUCTION, PROCDS ET USINAGE;Plastiques et composites;Lyce du Haut-Barr;Saverne;67700;Alsace;http://www.lycee-haut-barr.fr/;;
Baccalaurat Professionnel Procds de la chimie, de l?eau et des papiers cartons;BAC PROFESSIONNEL;4;INDUSTRIE, PRODUCTION, PROCDS ET USINAGE;Procds de la chimie, de l?eau et des papiers cartons - PCEPC;Lyce entre Meurthe-et-Snon;Dombasle-sur-Meurthe;54110;Lorraine;http://www.lycee-meurthe-et-sanon.fr/;;
Baccalaurat Professionnel Procds de la chimie, de l?eau et des papiers cartons;BAC PROFESSIONNEL;4;INDUSTRIE, PRODUCTION, PROCDS ET USINAGE;Procds de la chimie, de l?eau et des papiers cartons - PCEPC;Lyce Charles Jully;Saint-Avold;57500;Lorraine;http://www.lycee-charles-jully.fr/;;
Baccalaurat Professionnel Procds de la chimie, de l?eau et des papiers cartons;BAC PROFESSIONNEL;4;INDUSTRIE, PRODUCTION, PROCDS ET USINAGE;Procds de la chimie, de l?eau et des papiers cartons - PCEPC;CFA Papetier;Grardmer;88400;Lorraine;https://www.cfa-papetier.com/;;
Baccalaurat Professionnel Procds de la chimie, de l?eau et des papiers cartons;BAC PROFESSIONNEL;4;INDUSTRIE, PRODUCTION, PROCDS ET USINAGE;Procds de la chimie, de l?eau et des papiers cartons - PCEPC;Lyce Paul-Emile Victor;Obernai;67210;Alsace;http://www.lycee-paul-emile-victor.fr/;;
Baccalaurat Professionnel Production en industries pharmaceutiques, alimentaires et cosmtiques;BAC PROFESSIONNEL;4;INDUSTRIE, PRODUCTION, PROCDS ET USINAGE;Production en industries pharmaceutiques, alimentaires et cosmtiques - PIPAC;Campus Agro Environnemental;Saint-Laurent;08090;Champagne-Ardenne;https://campus-saintlaurent.fr/;;
Baccalaurat Professionnel Production en industries pharmaceutiques, alimentaires et cosmtiques;BAC PROFESSIONNEL;4;INDUSTRIE, PRODUCTION, PROCDS ET USINAGE;Production en industries pharmaceutiques, alimentaires et cosmtiques - PIPAC;Non spcifi;Troyes;10XXX;Champagne-Ardenne;;;
Brevet de Technicien Suprieur Pilotage des procds;BTS;5;INDUSTRIE, PRODUCTION, PROCDS ET USINAGE;Pilotage des procds - PC;Ple de formation UIMM ? Champagne-A.;Reims;51100;Champagne-Ardenne;https://www.formation-industries-ca.fr/;;
Brevet de Technicien Suprieur Pilotage des procds;BTS;5;INDUSTRIE, PRODUCTION, PROCDS ET USINAGE;Pilotage des procds - PC;CFA Papetier;Grardmer;88400;Lorraine;https://www.cfa-papetier.com/;;
Brevet de Technicien Suprieur Pilotage des procds;BTS;5;INDUSTRIE, PRODUCTION, PROCDS ET USINAGE;Pilotage des procds - PC;Lyce Laurent de Lavoisier;Mulhouse;68200;Alsace;http://www.lycee-lavoisier-mulhouse.fr/;;
Brevet de Technicien Suprieur Mtiers de la chimie;BTS;5;INDUSTRIE, PRODUCTION, PROCDS ET USINAGE;Mtiers de la chimie;Lyce Hugues Libergier;Reims;51100;Champagne-Ardenne;http://lycee-libergier.fr/;;
Brevet de Technicien Suprieur Mtiers de la chimie;BTS;5;INDUSTRIE, PRODUCTION, PROCDS ET USINAGE;Mtiers de la chimie;Lyce Louis Vincent;Metz;57000;Lorraine;http://www.lyceelouisvincent.fr/;;
Brevet de Technicien Suprieur Mtiers de la chimie;BTS;5;INDUSTRIE, PRODUCTION, PROCDS ET USINAGE;Mtiers de la chimie;Lyce Laurent de Lavoisier;Mulhouse;68200;Alsace;http://www.lycee-lavoisier-mulhouse.fr/;;
Brevet de Technicien Suprieur Mtiers de la mesure;BTS;5;INDUSTRIE, PRODUCTION, PROCDS ET USINAGE;Mtiers de la mesure - 2M;Lyce Arthur Varoquaux;Tomblaine;54510;Lorraine;http://www.lycee-varoquaux.fr/;;
Brevet de Technicien Suprieur Mtiers de la mesure;BTS;5;INDUSTRIE, PRODUCTION, PROCDS ET USINAGE;Mtiers de la mesure - 2M;Lyce Jean Rostand;Strasbourg;67000;Alsace;http://www.lycee-jean-rostand.fr/;;
Brevet de Technicien Suprieur Europlastics et composites;BTS;5;INDUSTRIE, PRODUCTION, PROCDS ET USINAGE;Europlastics et composites - EPC;Non spcifi;Charleville-Mzires;08000;Champagne-Ardenne;;;
Brevet de Technicien Suprieur Europlastics et composites;BTS;5;INDUSTRIE, PRODUCTION, PROCDS ET USINAGE;Europlastics et composites - EPC;Non spcifi;Saint-Di-des-Vosges;88100;Lorraine;;;
Bachelor Responsable qualit, scurit et environnement;BACHELOR;6;INDUSTRIE, PRODUCTION, PROCDS ET USINAGE;Responsable qualit, scurit et environnement;CESI Campus de Reims;Reims;51100;Champagne-Ardenne;https://reims.cesi.fr/;;
Bachelor Responsable qualit, scurit et environnement;BACHELOR;6;INDUSTRIE, PRODUCTION, PROCDS ET USINAGE;Responsable qualit, scurit et environnement;CESI Campus de Strasbourg;Lingolsheim;67380;Alsace;https://strasbourg.cesi.fr/;;
Bachelor Universitaire de Technologie Gnie chimique - Gnie des procds;BUT;6;INDUSTRIE, PRODUCTION, PROCDS ET USINAGE;Gnie chimique - Gnie des procds - GCGP;IUT Nancy-Brabois, Univ. Lorraine;Villers-ls-Nancy;54600;Lorraine;;;
Bachelor Universitaire de Technologie Science et gnie des matriaux;BUT;6;INDUSTRIE, PRODUCTION, PROCDS ET USINAGE;Science et gnie des matriaux - SGM;IUT Moselle-Est, Univ. Lorraine;Forbach;57600;Lorraine;;;
Bachelor Universitaire de Technologie Science et gnie des matriaux;BUT;6;INDUSTRIE, PRODUCTION, PROCDS ET USINAGE;Science et gnie des matriaux - SGM;IUT Mulhouse, Univ. Haute-Alsace;Mulhouse;68200;Alsace;;;
Bachelor Universitaire de Technologie Packaging, emballage et conditionnement;BUT;6;INDUSTRIE, PRODUCTION, PROCDS ET USINAGE;Packaging, emballage et conditionnement - PEC;IUT RCC, Univ. Reims Champagne Ardenne;Reims;51100;Champagne-Ardenne;;;
Bachelor Universitaire de Technologie Mesures physiques;BUT;6;INDUSTRIE, PRODUCTION, PROCDS ET USINAGE;Mesures physiques - MP;IUT RCC, Univ. Reims Champagne Ardenne;Reims;51100;Champagne-Ardenne;;;
Bachelor Universitaire de Technologie Mesures physiques;BUT;6;INDUSTRIE, PRODUCTION, PROCDS ET USINAGE;Mesures physiques - MP;IUT Metz, Univ. Lorraine;Metz;57000;Lorraine;;;
Bachelor Universitaire de Technologie Mesures physiques;BUT;6;INDUSTRIE, PRODUCTION, PROCDS ET USINAGE;Mesures physiques - MP;IUT Louis Pasteur, Univ. Strasbourg;Schiltigheim;67300;Alsace;;;
Bachelor Universitaire de Technologie Qualit, logistique industrielle et organisation;BUT;6;INDUSTRIE, PRODUCTION, PROCDS ET USINAGE;Qualit, logistique industrielle et organisation - QLIO;IUT pinal-Hubert Curien, Univ. Lorraine;pinal;88000;Lorraine;;;
Bachelor Universitaire de Technologie Qualit, logistique industrielle et organisation;BUT;6;INDUSTRIE, PRODUCTION, PROCDS ET USINAGE;Qualit, logistique industrielle et organisation - QLIO;IUT Nancy-Brabois, Univ. Lorraine;Lunville;54300;Lorraine;;;
Bachelor Universitaire de Technologie Qualit, logistique industrielle et organisation;BUT;6;INDUSTRIE, PRODUCTION, PROCDS ET USINAGE;Qualit, logistique industrielle et organisation - QLIO;IUT Haguenau, Univ. Strasbourg;Haguenau;67500;Alsace;;;
Licence Professionnelle Mtiers de l?industrie : logistique industrielle;LICENCE PROFESSIONNELLE;6;INDUSTRIE, PRODUCTION, PROCDS ET USINAGE;Mtiers de l?industrie : logistique industrielle - MILI;IUT pinal-Hubert Curien, Univ. Lorraine;pinal;88000;Lorraine;;;
Licence Professionnelle Mtiers de l?instrumentation, de la mesure et du contrle qualit;LICENCE PROFESSIONNELLE;6;INDUSTRIE, PRODUCTION, PROCDS ET USINAGE;Mtiers de l?instrumentation, de la mesure et du contrle qualit;IUT Nancy-Brabois, Univ. Lorraine;Villers-ls-Nancy;54600;Lorraine;;;
Licence Professionnelle Bio-industries et biotechnologies;LICENCE PROFESSIONNELLE;6;INDUSTRIE, PRODUCTION, PROCDS ET USINAGE;Bio-industries et biotechnologies - BBT;UFR SEN, Univ. Reims Champagne-Ardenne;Reims;51100;Champagne-Ardenne;;;
Licence Professionnelle Bio-industries et biotechnologies;LICENCE PROFESSIONNELLE;6;INDUSTRIE, PRODUCTION, PROCDS ET USINAGE;Bio-industries et biotechnologies - BBT;IUT Haguenau, Univ. Strasbourg;Colmar;68000;Alsace;;;
Licence Professionnelle Qualit, hygine, scurit et environnement;LICENCE PROFESSIONNELLE;6;INDUSTRIE, PRODUCTION, PROCDS ET USINAGE;Qualit, hygine, scurit et environnement;UFR SEN, Univ. Reims Champagne Ardenne;Reims;51100;Champagne-Ardenne;;;
Licence Professionnelle Qualit, hygine, scurit et environnement;LICENCE PROFESSIONNELLE;6;INDUSTRIE, PRODUCTION, PROCDS ET USINAGE;Qualit, hygine, scurit et environnement;IUT Moselle-Est, Univ. Lorraine;Sarreguemines;57200;Lorraine;;;
Licence Professionnelle Qualit, hygine, scurit et environnement;LICENCE PROFESSIONNELLE;6;INDUSTRIE, PRODUCTION, PROCDS ET USINAGE;Qualit, hygine, scurit et environnement;UFR de mdecine, Univ. Strasbourg;Strasbourg;67000;Alsace;;;
Licence Professionnelle Domotique;LICENCE PROFESSIONNELLE;6;INDUSTRIE, PRODUCTION, PROCDS ET USINAGE;Domotique;IUT Troyes, Univ. Reims Champagne-Ardenne;Rosires-prs-Troyes;10430;Champagne-Ardenne;;;
Licence Professionnelle Domotique;LICENCE PROFESSIONNELLE;6;INDUSTRIE, PRODUCTION, PROCDS ET USINAGE;Domotique;BTP CFA Aube;Pont-Sainte-Marie;10150;Champagne-Ardenne;https://www.btpcfa-grandest.fr/;;
Licence Professionnelle Domotique;LICENCE PROFESSIONNELLE;6;INDUSTRIE, PRODUCTION, PROCDS ET USINAGE;Domotique;CNAM Grand Est;Strasbourg;67200;Alsace;https://www.cnam-grandest.fr/;;
Ingnieur Gnie des matriaux;INGNIEUR;7;INDUSTRIE, PRODUCTION, PROCDS ET USINAGE;Gnie des matriaux;EEIGM, Univ. Lorraine;Nancy;54000;Lorraine;;;
Ingnieur Gnie des systmes et de l?innovation;INGNIEUR;7;INDUSTRIE, PRODUCTION, PROCDS ET USINAGE;Gnie des systmes et de l?innovation;ENSGSI, Univ. Lorraine;Nancy;54000;Lorraine;;;
Master Sciences et gnie des matriaux;MASTER;7;INDUSTRIE, PRODUCTION, PROCDS ET USINAGE;Sciences et gnie des matriaux - SGM;FST, Univ. Lorraine;Vand?uvre-ls-Nancy;54500;Lorraine;;;
Master Sciences et gnie des matriaux;MASTER;7;INDUSTRIE, PRODUCTION, PROCDS ET USINAGE;Sciences et gnie des matriaux - SGM;UFR de physique, Univ. Strasbourg;Strasbourg;67000;Alsace;;;
Master Sciences et gnie des matriaux;MASTER;7;INDUSTRIE, PRODUCTION, PROCDS ET USINAGE;Sciences et gnie des matriaux - SGM;INSA Strasbourg;Strasbourg;67000;Alsace;https://www.insa-strasbourg.fr/;;
Master Sciences et gnie des matriaux;MASTER;7;INDUSTRIE, PRODUCTION, PROCDS ET USINAGE;Sciences et gnie des matriaux - SGM;FST, Univ. Haute-Alsace;Mulhouse;68200;Alsace;;;
Master Gnie industriel;MASTER;7;INDUSTRIE, PRODUCTION, PROCDS ET USINAGE;Gnie industriel - GI;UFR MIM, Univ. Lorraine;Metz;57070;Lorraine;;;
Master Gnie industriel;MASTER;7;INDUSTRIE, PRODUCTION, PROCDS ET USINAGE;Gnie industriel - GI;UFR de physique, Univ. Strasbourg;Strasbourg;67000;Alsace;;;
Master Ingnierie de conception;MASTER;7;INDUSTRIE, PRODUCTION, PROCDS ET USINAGE;Ingnierie de conception - IC;EISINE, Univ. Reims Champagne Ardenne;Reims;51100;Champagne-Ardenne;;;
Master Ingnierie de conception;MASTER;7;INDUSTRIE, PRODUCTION, PROCDS ET USINAGE;Ingnierie de conception - IC;Universit de technologie de Troyes;Rosires-prs-Troyes;10430;Champagne-Ardenne;https://www.utt.fr/;;
Master Manager de la performance et de l?innovation industrielle;MASTER;7;INDUSTRIE, PRODUCTION, PROCDS ET USINAGE;Manager de la performance et de l?innovation industrielle;CESI Campus de Nancy;Vand?uvre-ls-Nancy;54500;Lorraine;https://nancy.cesi.fr/;;
Master Manager de la performance et de l?innovation industrielle;MASTER;7;INDUSTRIE, PRODUCTION, PROCDS ET USINAGE;Manager de la performance et de l?innovation industrielle;CESI Campus de Strasbourg;Lingolsheim;67380;Alsace;https://strasbourg.cesi.fr/;;
Titre Professionnel de Fin de Parcours Pilote de systmes de production automatise;TPFP;4;INFORMATIQUE ET NUMRIQUE;Pilote de systmes de production automatise;Ple de formation UIMM ? Champagne-A.;Reims;51100;Champagne-Ardenne;https://www.formation-industries-ca.fr/;;
Titre Professionnel de Fin de Parcours Pilote de systmes de production automatise;TPFP;4;INFORMATIQUE ET NUMRIQUE;Pilote de systmes de production automatise;Ple de formation UIMM ? Champagne-A.;Saint-Dizier;52100;Champagne-Ardenne;https://www.formation-industries-ca.fr/;;
Titre Professionnel de Fin de Parcours Pilote de systmes de production automatise;TPFP;4;INFORMATIQUE ET NUMRIQUE;Pilote de systmes de production automatise;Ple de formation UIMM ? Champagne-A.;Rosires-prs-Troyes;10430;Champagne-Ardenne;https://www.formation-industries-ca.fr/;;
Titre Professionnel de Fin de Parcours Conducteur transport routier de marchandises;TPFP;3;LOGISTIQUE ET TRANSPORT;Conducteur transport routier de marchandises - CTRM;Lyce Etienne Oehmichen;Chlons-en-Champagne;51000;Champagne-Ardenne;http://lycee-oehmichen.fr/;;
Titre Professionnel de Fin de Parcours Conducteur transport routier de marchandises;TPFP;3;LOGISTIQUE ET TRANSPORT;Conducteur transport routier de marchandises - CTRM;Ensemble Scolaire Saint Michel;Art-sur-Meurthe;54510;Lorraine;http://www.saint-michel-art-sur-meurthe.com/;;
Titre Professionnel de Fin de Parcours Conducteur transport routier de marchandises;TPFP;3;LOGISTIQUE ET TRANSPORT;Conducteur transport routier de marchandises - CTRM;Lyce Gustave Eiffel;Talange;57525;Lorraine;http://www.lycee-eiffel-talange.fr/;;
Titre Professionnel de Fin de Parcours Conducteur transport routier de marchandises;TPFP;3;LOGISTIQUE ET TRANSPORT;Conducteur transport routier de marchandises - CTRM;Lyce Pierre-Gilles de Gennes;Grardmer;88400;Lorraine;http://www.lycee-pierre-gilles-de-gennes.fr/;;
Titre Professionnel de Fin de Parcours Conducteur transport routier de marchandises;TPFP;3;LOGISTIQUE ET TRANSPORT;Conducteur transport routier de marchandises - CTRM;Lyce Emile Mathis;Schiltigheim;67300;Alsace;http://www.lycee-emile-mathis.fr/;;
Titre Professionnel de Fin de Parcours Conducteur transport routier de marchandises;TPFP;3;LOGISTIQUE ET TRANSPORT;Conducteur transport routier de marchandises - CTRM;Lyce Ettore Bugatti;Illzach;68110;Alsace;http://www.lycee-bugatti.fr/;;
Brevet de Technicien Suprieur Gestion des transports et logistique associe;BTS;5;LOGISTIQUE ET TRANSPORT;Gestion des transports et logistique associe - GTLA;Lyce Etienne Oehmichen;Chlons-en-Champagne;51000;Champagne-Ardenne;http://lycee-oehmichen.fr/;;
Brevet de Technicien Suprieur Gestion des transports et logistique associe;BTS;5;LOGISTIQUE ET TRANSPORT;Gestion des transports et logistique associe - GTLA;cole ISTELI Reims;Reims;51100;Champagne-Ardenne;https://www.aft-ral.org/isteli/reims;;
Brevet de Technicien Suprieur Gestion des transports et logistique associe;BTS;5;LOGISTIQUE ET TRANSPORT;Gestion des transports et logistique associe - GTLA;Lyce Rosa Parks;La Chapelle-Saint-Luc;10600;Champagne-Ardenne;http://www.lyceerosaparks.fr/;;
Brevet de Technicien Suprieur Gestion des transports et logistique associe;BTS;5;LOGISTIQUE ET TRANSPORT;Gestion des transports et logistique associe - GTLA;cole ISTELI Nancy;Jarville-la-Malgrange;54140;Lorraine;https://www.aft-ral.org/isteli/nancy;;
Brevet de Technicien Suprieur Gestion des transports et logistique associe;BTS;5;LOGISTIQUE ET TRANSPORT;Gestion des transports et logistique associe - GTLA;cole ISTELI Metz;Metz;57070;Lorraine;https://www.aft-ral.org/isteli/metz;;
Brevet de Technicien Suprieur Gestion des transports et logistique associe;BTS;5;LOGISTIQUE ET TRANSPORT;Gestion des transports et logistique associe - GTLA;Lyce Charles Hermite;Dieuze;57260;Lorraine;http://www.lycee-charles-hermite.fr/;;
Brevet de Technicien Suprieur Gestion des transports et logistique associe;BTS;5;LOGISTIQUE ET TRANSPORT;Gestion des transports et logistique associe - GTLA;Lyce Gustave Eiffel;Talange;57525;Lorraine;http://www.lycee-eiffel-talange.fr/;;
Brevet de Technicien Suprieur Gestion des transports et logistique associe;BTS;5;LOGISTIQUE ET TRANSPORT;Gestion des transports et logistique associe - GTLA;Lyce Emile Mathis;Schiltigheim;67300;Alsace;http://www.lycee-emile-mathis.fr/;;
Brevet de Technicien Suprieur Gestion des transports et logistique associe;BTS;5;LOGISTIQUE ET TRANSPORT;Gestion des transports et logistique associe - GTLA;Lyce Georges de la Tour;Metz;57000;Lorraine;http://www.lycee-georges-de-la-tour-metz.fr/;;
Brevet de Technicien Suprieur Gestion des transports et logistique associe;BTS;5;LOGISTIQUE ET TRANSPORT;Gestion des transports et logistique associe - GTLA;cole ISTELI Mulhouse;Sausheim;68390;Alsace;https://www.aft-ral.org/isteli/mulhouse;;
Brevet de Technicien Suprieur Gestion des transports et logistique associe;BTS;5;LOGISTIQUE ET TRANSPORT;Gestion des transports et logistique associe - GTLA;Lyce Stanislas;Wissembourg;67160;Alsace;http://www.lycee-stanislas-wissembourg.fr/;;
Brevet de Technicien Suprieur Gestion des transports et logistique associe;BTS;5;LOGISTIQUE ET TRANSPORT;Gestion des transports et logistique associe - GTLA;cole ISTELI Strasbourg;Schiltigheim;67300;Alsace;https://www.aft-ral.org/isteli/strasbourg;;
Bachelor Management, business et ngociation;BACHELOR;6;LOGISTIQUE ET TRANSPORT;Management, business et ngociation;cole ISTELI Reims;Reims;51100;Champagne-Ardenne;https://www.aft-ral.org/isteli/reims;;
Bachelor Management, business et ngociation;BACHELOR;6;LOGISTIQUE ET TRANSPORT;Management, business et ngociation;cole ISTELI Nancy;Jarville-la-Malgrange;54140;Lorraine;https://www.aft-ral.org/isteli/nancy;;
Bachelor Management, business et ngociation;BACHELOR;6;LOGISTIQUE ET TRANSPORT;Management, business et ngociation;cole ISTELI Metz;Metz;57070;Lorraine;https://www.aft-ral.org/isteli/metz;;
Bachelor Management, business et ngociation;BACHELOR;6;LOGISTIQUE ET TRANSPORT;Management, business et ngociation;cole ISTELI Mulhouse;Sausheim;68390;Alsace;https://www.aft-ral.org/isteli/mulhouse;;
Bachelor Management, business et ngociation;BACHELOR;6;LOGISTIQUE ET TRANSPORT;Management, business et ngociation;cole ISTELI Strasbourg;Schiltigheim;67300;Alsace;https://www.aft-ral.org/isteli/strasbourg;;
Bachelor Management des flux de marchandises;BACHELOR;6;LOGISTIQUE ET TRANSPORT;Management des flux de marchandises;cole ISTELI Reims;Reims;51100;Champagne-Ardenne;https://www.aft-ral.org/isteli/reims;;
Bachelor Management des flux de marchandises;BACHELOR;6;LOGISTIQUE ET TRANSPORT;Management des flux de marchandises;cole ISTELI Nancy;Jarville-la-Malgrange;54140;Lorraine;https://www.aft-ral.org/isteli/nancy;;
Bachelor Management des flux de marchandises;BACHELOR;6;LOGISTIQUE ET TRANSPORT;Management des flux de marchandises;cole ISTELI Metz;Metz;57070;Lorraine;https://www.aft-ral.org/isteli/metz;;
Bachelor Management des flux de marchandises;BACHELOR;6;LOGISTIQUE ET TRANSPORT;Management des flux de marchandises;cole ISTELI Mulhouse;Sausheim;68390;Alsace;https://www.aft-ral.org/isteli/mulhouse;;
Bachelor Management des flux de marchandises;BACHELOR;6;LOGISTIQUE ET TRANSPORT;Management des flux de marchandises;cole ISTELI Strasbourg;Schiltigheim;67300;Alsace;https://www.aft-ral.org/isteli/strasbourg;;
Bachelor Management logistique et supply chain;BACHELOR;6;LOGISTIQUE ET TRANSPORT;Management logistique et supply chain;cole ISTELI Reims;Reims;51100;Champagne-Ardenne;https://www.aft-ral.org/isteli/reims;;
Bachelor Management logistique et supply chain;BACHELOR;6;LOGISTIQUE ET TRANSPORT;Management logistique et supply chain;cole ISTELI Nancy;Jarville-la-Malgrange;54140;Lorraine;https://www.aft-ral.org/isteli/nancy;;
Bachelor Management logistique et supply chain;BACHELOR;6;LOGISTIQUE ET TRANSPORT;Management logistique et supply chain;cole ISTELI Metz;Metz;57070;Lorraine;https://www.aft-ral.org/isteli/metz;;
Bachelor Management logistique et supply chain;BACHELOR;6;LOGISTIQUE ET TRANSPORT;Management logistique et supply chain;cole ISTELI Mulhouse;Sausheim;68390;Alsace;https://www.aft-ral.org/isteli/mulhouse;;
Bachelor Management logistique et supply chain;BACHELOR;6;LOGISTIQUE ET TRANSPORT;Management logistique et supply chain;cole ISTELI Strasbourg;Schiltigheim;67300;Alsace;https://www.aft-ral.org/isteli/strasbourg;;
Brevet de Technicien Suprieur Maintenance des systmes;BTS;5;MCANIQUE ET MAINTENANCE;Maintenance des systmes - MS;Ple de formation UIMM ? Champagne-A.;Reims;51100;Champagne-Ardenne;https://www.formation-industries-ca.fr/;;
Brevet de Technicien Suprieur Maintenance des systmes;BTS;5;MCANIQUE ET MAINTENANCE;Maintenance des systmes - MS;Lyce Denis Diderot;Langres;52200;Champagne-Ardenne;http://www.lyceediderot.fr/;;
Brevet de Technicien Suprieur Maintenance des systmes;BTS;5;MCANIQUE ET MAINTENANCE;Maintenance des systmes - MS;Lyce Louis Couffignal;Strasbourg;67000;Alsace;http://www.lyceecouffignal.fr/;;
Brevet de Technicien Suprieur Conception et ralisation en chaudronnerie industrielle;BTS;5;MCANIQUE ET MAINTENANCE;Conception et ralisation en chaudronnerie industrielle - CRCI;Lyce Franois Bazin;Charleville-Mzires;08000;Champagne-Ardenne;http://www.lyceebazin.fr/;;
Brevet de Technicien Suprieur Conception et ralisation en chaudronnerie industrielle;BTS;5;MCANIQUE ET MAINTENANCE;Conception et ralisation en chaudronnerie industrielle - CRCI;Ple de formation UIMM ? Champagne-A.;Reims;51100;Champagne-Ardenne;https://www.formation-industries-ca.fr/;;
Brevet de Technicien Suprieur Conception et ralisation en chaudronnerie industrielle;BTS;5;MCANIQUE ET MAINTENANCE;Conception et ralisation en chaudronnerie industrielle - CRCI;Ple de formation UIMM ? Champagne-A.;Rosires-prs-Troyes;10430;Champagne-Ardenne;https://www.formation-industries-ca.fr/;;
Brevet de Technicien Suprieur Conception et ralisation en chaudronnerie industrielle;BTS;5;MCANIQUE ET MAINTENANCE;Conception et ralisation en chaudronnerie industrielle - CRCI;Ple de formation UIMM ? Champagne-A.;Charleville-Mzires;08000;Champagne-Ardenne;https://www.formation-industries-ca.fr/;;
Brevet de Technicien Suprieur Conception et ralisation en chaudronnerie industrielle;BTS;5;MCANIQUE ET MAINTENANCE;Conception et ralisation en chaudronnerie industrielle - CRCI;Lyce La Briquerie;Thionville;57100;Lorraine;http://www.labriquerie.fr/;;
Brevet de Technicien Suprieur Conception et ralisation en chaudronnerie industrielle;BTS;5;MCANIQUE ET MAINTENANCE;Conception et ralisation en chaudronnerie industrielle - CRCI;Lyce Interentreprise;Boulay-Moselle;57220;Lorraine;http://www.lycee-interentreprises-boulay.fr/;;
Brevet de Technicien Suprieur Conception et ralisation en chaudronnerie industrielle;BTS;5;MCANIQUE ET MAINTENANCE;Conception et ralisation en chaudronnerie industrielle - CRCI;Ple de formation UIMM ? Moselle;Henriville;57450;Lorraine;https://www.formation-industries-lorraine.com/;;
Brevet de Technicien Suprieur Conception et ralisation en chaudronnerie industrielle;BTS;5;MCANIQUE ET MAINTENANCE;Conception et ralisation en chaudronnerie industrielle - CRCI;Ple de formation UIMM ? Meurthe-et-Moselle;Nancy ? Maxville;54320;Lorraine;https://www.formation-industries-lorraine.com/;;
Brevet de Technicien Suprieur Conception et ralisation en chaudronnerie industrielle;BTS;5;MCANIQUE ET MAINTENANCE;Conception et ralisation en chaudronnerie industrielle - CRCI;Ple de formation UIMM ? Moselle;Yutz ? Thionville;57970;Lorraine;https://www.formation-industries-lorraine.com/;;
cole Doctorale ABIES;ED ABIES;8;COLES DOCTORALES;Agriculture, Alimentation, Biologie, Environnement, Sant;Univ. Reims Champagne-Ardenne;Reims;51100;Champagne-Ardenne;https://www.univ-reims.fr/;;
cole Doctorale Sciences Humaines et Sociales;ED;8;COLES DOCTORALES;Droit priv, droit public, histoire du droit;Univ. Reims Champagne-Ardenne;Reims;51100;Champagne-Ardenne;https://www.univ-reims.fr/;;
cole Doctorale Sciences Humaines et Sociales;ED;8;COLES DOCTORALES;Science politique;Univ. Reims Champagne-Ardenne;Reims;51100;Champagne-Ardenne;https://www.univ-reims.fr/;;
cole Doctorale Sciences Humaines et Sociales;ED;8;COLES DOCTORALES;Sciences conomiques et de gestion;Univ. Reims Champagne-Ardenne;Reims;51100;Champagne-Ardenne;https://www.univ-reims.fr/;;
cole Doctorale Sciences Humaines et Sociales;ED;8;COLES DOCTORALES;Sciences du langage;Univ. Reims Champagne-Ardenne;Reims;51100;Champagne-Ardenne;https://www.univ-reims.fr/;;
cole Doctorale Sciences Humaines et Sociales;ED;8;COLES DOCTORALES;Langues et littratures;Univ. Reims Champagne-Ardenne;Reims;51100;Champagne-Ardenne;https://www.univ-reims.fr/;;
cole Doctorale Sciences Humaines et Sociales;ED;8;COLES DOCTORALES;Psychologie;Univ. Reims Champagne-Ardenne;Reims;51100;Champagne-Ardenne;https://www.univ-reims.fr/;;
cole Doctorale Sciences Humaines et Sociales;ED;8;COLES DOCTORALES;Philosophie;Univ. Reims Champagne-Ardenne;Reims;51100;Champagne-Ardenne;https://www.univ-reims.fr/;;
cole Doctorale Sciences Humaines et Sociales;ED;8;COLES DOCTORALES;Sociologie, anthropologie, ethnologie;Univ. Reims Champagne-Ardenne;Reims;51100;Champagne-Ardenne;https://www.univ-reims.fr/;;
cole Doctorale Sciences Humaines et Sociales;ED;8;COLES DOCTORALES;Histoire et civilisation;Univ. Reims Champagne-Ardenne;Reims;51100;Champagne-Ardenne;https://www.univ-reims.fr/;;
cole Doctorale Sciences Humaines et Sociales;ED;8;COLES DOCTORALES;Gographie et amnagement de l?espace;Univ. Reims Champagne-Ardenne;Reims;51100;Champagne-Ardenne;https://www.univ-reims.fr/;;
cole Doctorale Sciences Humaines et Sociales;ED;8;COLES DOCTORALES;Sciences de l?ducation, de l?information et de la communication;Univ. Reims Champagne-Ardenne;Reims;51100;Champagne-Ardenne;https://www.univ-reims.fr/;;
